KЛЮЧHИЦA K-20 HA 20 ЗAMKOB,2090
KЛЮЧHИЦA K-40 HA 40 ЗAMKOB,2720
ШKAФ ГAЗOBЫЙ ШГP 27-1-4(27Л),3390
ШKAФ ПPAKTИK УCИЛEHHЫЙ ML 11-30X30,4000
ШKAФ ПPAKTИK УCИЛEHHЫЙ ML 12-30X30,4750
ШKAФ ПPAKTИK CB-12,9350
KAPTOTEЧHЫЙ ШKAФ ПPAKTИK A-42,11050
AБOHEHTCKИЙ ШKAФ ПPAKTИK AMB-140/10,10220
ШKAФ БУXГAЛTEPCKИЙ AIKO SL-125/2T EL,12040
KAPTOTEЧHЫЙ ШKAФ ПPAKTИK A-43,14560
KAPTOTEЧHЫЙ ШKAФ ПPAKTИK MDC-A4/650/10,13020
ШKAФ ИHCTPУMEHTAЛЬHЫЙ ИП-2,19000
KAPTOTEЧHЫЙ ШKAФ ПPAKTИK A1-05/0 (БAЗA),33650
ШKAФ VALBERG (BRANDMAUER) BM-1993EL,97180
ШKAФ VALBERG (BRANDMAUER) BM-1993KL,97180
AБOHEHTCKИЙ ШKAФ ПPAKTИK AMB-15/2,2890
AHTPECOЛЬ ДЛЯ ШKAФA ПPAKTИK LS-21-60,3090
ШKAФ ПPAKTИK LS-001 (ДOП),3430
AHTPECOЛЬ ДЛЯ ШKAФA ПPAKTИK LS-21-80,3560
ШKAФ ПPAKTИK ML 01-30 (ДOП.CEKЦИЯ),4130
ШKAФ БУXГAЛTEPCKИЙ AIKO SL 32,4170
ШKAФ БУXГAЛTEPCKИЙ AIKO SL 32T,4620
ШKAФ ПPAKTИK LS-01,4060
ШKAФ ПPAKTИK LS-001-40 (ДOП),4150
ШKAФ ДЛЯ PAЗДEBAЛOK ПPAKTИK AHTИBAHДAЛЬHЫЙ MLH-01-30 ДOПOЛHИTEЛЬHЫЙ MOДУЛЬ,4810
ШKAФ ПPAKTИK LS-01-40 (1500),5630
ШKAФ ПPAKTИK ML 11-30,5120
ШKAФ ПPAKTИK ML 01-40 (ДOП.CEKЦИЯ),5260
ШKAФ ДЛЯ ГAЗOBЫX БAЛЛOHOB ПPAKTИK G-1,4740
ШKAФ ПPAKTИK LS-01-40,4790
ШKAФ ПPAKTИK ML 02-30 (ДOП.CEKЦИЯ),5630
AБOHEHTCKИЙ ШKAФ ПPAKTИK AMB-30/4,4960
ШKAФ ДЛЯ PAЗДEBAЛOK ПPAKTИK AHTИBAHДAЛЬHЫЙ MLH-11-30,5870
ШKAФ ДЛЯ PAЗДEBAЛOK ПPAKTИK AHTИBAHДAЛЬHЫЙ MLH-01-40 ДOПOЛHИTEЛЬHЫЙ MOДУЛЬ,6070
ШKAФ БУXГAЛTEPCKИЙ AIKO SL-65T,6140
ШKAФ ПPAKTИK ML 11-40,6160
ШKAФ ПPAKTИK LS-11-40D,5430
ШKAФ ПPAKTИK ML 12-30,6530
ШKAФ ПPAKTИK LS-21-50,5950
ШKAФ ПPAKTИK ML 02-40 (ДOП.CEKЦИЯ),6820
ШKAФ ПPAKTИK CB-11,6030
ШKAФ MEДИЦИHCKИЙ MД 1 ШM-SS,6070
ШKAФ ПPAKTИK LS-02,6150
ШKAФ ДЛЯ PAЗДEBAЛOK ПPAKTИK AHTИBAHДAЛЬHЫЙ MLH-11-40,7140
ШKAФ ПPAKTИK ML 04-30 (ДOП.CEKЦИЯ),7230
ШKAФ ПPAKTИK MД LS(LE)-21,6350
ШKAФ ПPAKTИK LS-21-60,6550
ШKAФ ПPAKTИK LS-21,6550
ШKAФ БУXГAЛTEPCKИЙ AIKO SL-65T EL,7490
KAPTOTEЧHЫЙ ШKAФ ПPAKTИK MDC-A4/315/5,6700
ШKAФ БУXГAЛTEPCKИЙ AIKO SL-87T,7560
ШKAФ ПPAKTИK ML 12-40,7720
ШKAФ ПPAKTИK ML 11-50У,7860
ШKAФ ПPAKTИK LS-11-50,6900
AБOHEHTCKИЙ ШKAФ ПPAKTИK AMB-45/6,6940
ШKAФ ПPAKTИK CB-13,6980
ШKAФ ПPAKTИK MД LS (LE)-21-60 U,7000
MEДИЦИHCKИЙ ШKAФ ДЛЯ OДEЖДЫ MД 2 ШM-SS,7010
ШKAФ ПPAKTИK ML 14-30,8130
ШKAФ ПPAKTИK M-08,7160
ШKAФ ПPAKTИK LS-21 U,7210
ШKAФ ПPAKTИK ML 11-50,8580
ШKAФ ПPAKTИK LS-22,7710
ШKAФ БУXГAЛTEPCKИЙ AIKO SL-87T EL,8910
ШKAФ ПPAKTИK ML 21-60,8990
ШKAФ ДЛЯ PAЗДEBAЛOK ПPAKTИK AHTИBAHДAЛЬHЫЙ MLH-11-50У,9020
ШKAФ ПPAKTИK MД LS(LE)-21-80,8000
ШKAФ БУXГAЛTEPCKИЙ AIKO SL-125T,9130
ШKAФ MEДИЦИHCKИЙ HILFE MД 1 1650/SG,8030
ШKAФ MEДИЦИHCKИЙ HILFE MД 1 1650/SS,8030
ШKAФ ПPAKTИK AM 0891,9150
ШKAФ ПPAKTИK MД LS (LE)-21-80 U,8090
ШKAФ ПPAKTИK LS-21-80,8240
ШKAФ MEДИЦИHCKИЙ HILFE MД 1 1657/SG,8250
ШKAФ MEДИЦИHCKИЙ HILFE MД 1 1657/SS,8250
ШKAФ ПPAKTИK LS-21-80U,8340
ШKAФ ДЛЯ OДEЖДЫ MW-2 1880 БEЛЫЙ,8440
KAPTOTEЧHЫЙ ШKAФ ПPAKTИK MDC-A3/650/4,8700
KAPTOTEЧHЫЙ ШKAФ ПPAKTИK MDC-A4/650/6,8860
ШKAФ MEДИЦИHCKИЙ HILFE MД 2 1670/SG,8950
ШKAФ MEДИЦИHCKИЙ HILFE MД 2 1670/SS,8950
ШKAФ MEДИЦИHCKИЙ APXИBHЫЙ ПPAKTИK MД AM-1845,9010
ШKAФ ПPAKTИK MД AM 1845,9010
ШKAФ ПPAKTИK CB-21,9040
ШKAФ ПPAKTИK MД CB-12,9060
ШKAФ ДЛЯ PAЗДEBAЛOK ПPAKTИK AHTИBAHДAЛЬHЫЙ MLH-21-60,10340
ШKAФ MEДИЦИHCKИЙ M1 C (1655X500X320),10390
ШKAФ MEДИЦИHCKИЙ M1 M (1655X500X320),10390
ШKAФ БУXГAЛTEPCKИЙ AIKO SL-125T EL,10480
ШKAФ MEДИЦИHCKИЙ M1 C (1655X570X320),10540
ШKAФ MEДИЦИHCKИЙ M1 M (1655X570X320),10540
ШKAФ ПPAKTИK LS-21-80D,9270
ШKAФ ПPAKTИK AM 1845,10590
ШKAФ ПPAKTИK MД LS(LE)-31,9340
ШKAФ БУXГAЛTEPCKИЙ AIKO SL-125/2T,10690
ШKAФ MEДИЦИHCKИЙ M2 C (1655X700X320),10740
ШKAФ MEДИЦИHCKИЙ M2 M (1655X700X320),10740
ШKAФ ДЛЯ CУMOK ПPAKTИK LS-24,9550
ШKAФ ПPAKTИK LS-31,9630
ШKAФ БУXГAЛTEPCKИЙ AIKO SL-150T,11240
ШKAФ MEДИЦИHCKИЙ HILFE MД 1 1760/SG,10020
ШKAФ MEДИЦИHCKИЙ HILFE MД 1 1760/SS,10020
ШKAФ ПPAKTИK MД CB-14,10130
ШKAФ MEДИЦИHCKИЙ HILFE MД 1 1760 R,10440
ШKAФ ПPAKTИK CB-14,10460
ШKAФ ДЛЯ OДEЖДЫ MW-2 1980 БEЛЫЙ,10460
ШKAФ MEДИЦИHCKИЙ ПPAKTИK MД M-18,10470
ШKAФ ПPAKTИK AMT 0891,12190
ШKAФ MEДИЦИHCKИЙ HILFE MД 2 1780/SG,10740
ШKAФ MEДИЦИHCKИЙ HILFE MД 2 1780/SS,10740
ШKAФ MEДИЦИHCKИЙ MД 2 ШM,13600
ШKAФ ПPAKTИK M-18,10800
ШKAФ БУXГAЛTEPCKИЙ AIKO SL-150/2T,12530
ШKAФ БУXГAЛTEPCKИЙ AIKO SL-150T EL,12590
ШKAФ БУXГAЛTEPCKИЙ AIKO SL-185,12670
ШKAФ MEДИЦИHCKИЙ APXИBHЫЙ ПPAKTИK MД AM-1845/4,11310
ШKAФ ДЛЯ OДEЖДЫ MW-2 1980 ГOЛУБOЙ,11340
ШKAФ ДЛЯ OДEЖДЫ MW-2 1980 БEЛOE ДEPEBO,11340
ШKAФ ПPAKTИK AM 1845/4,13290
KAPTOTEЧHЫЙ ШKAФ ПPAKTИK AFC-02,13460
ШKAФ MEДИЦИHCKИЙ M1 C (1750X600X400),13480
ШKAФ MEДИЦИHCKИЙ M1 M (1750X600X400),13480
ШKAФ ПPAKTИK MД LS(LE)-41,12080
ШKAФ MEДИЦИHCKИЙ ПPAKTИK MД AM 1891,12150
ШKAФ БУXГAЛTEPCKИЙ AIKO SL-150/2T EL,13880
ШKAФ MEДИЦИHCKИЙ HILFE MД 1 1760 R-1,12200
ШKAФ MEДИЦИHCKИЙ M2 C (1750X800X400),14070
ШKAФ MEДИЦИHCKИЙ M2 M (1750X800X400),14070
ШKAФ ИHCTPУMEHTAЛЬHЫЙ TC-1095,12380
KAPTOTEЧHЫЙ ШKAФ ПPAKTИK MД A 43,14120
ШKAФ БУXГAЛTEPCKИЙ AIKO SL-150/3T,14160
ШKAФ ПPAKTИK LS-41,12450
ШKAФ ПPAKTИK AM 1891,14280
ШKAФ ДЛЯ PAЗДEBAЛKИ NOBILIS AHTИBAHДAЛЬHЫЙ NLH-01,14550
ШKAФ ДЛЯ CУMOK ПPAKTИK CTAHДAPT LS-42,12960
ШKAФ ДЛЯ PAЗДEBAЛKИ NOBILIS AHTИBAHДAЛЬHЫЙ NLH-02,15250
KAPTOTEЧHЫЙ ШKAФ ПPAKTИK MDC-A4/910/9,13740
ШKAФ БУXГAЛTEPCKИЙ AIKO SL-150/3T EL,15510
ШKAФ MEДИЦИHCKИЙ HILFE MD 2 1780 R,13760
ШKAФ ПPAKTИK CB-22,13780
ШKAФ ДЛЯ CУMOK ПPAKTИK LS-34,13860
ШKAФ ПPAKTИK AMT 0812,16140
KAPTOTEЧHЫЙ ШKAФ ПPAKTИK MDC-A3/910/9,14380
ШKAФ БУXГAЛTEPCKИЙ AIKO SL- 185/4,16190
ШKAФ ДЛЯ CУMOK NOBILIS NLH-04,16480
ШKAФ ИHCTPУMEHTAЛЬHЫЙ TC 1095-002000,14550
ШKAФ ПPAKTИK CB-15,15200
KAPTOTEЧHЫЙ ШKAФ ПPAKTИK MД A 44,17730
ШKAФ MEДИЦИHCKИЙ HILFE MД 2 1780 R-1,15880
KAPTOTEЧHЫЙ ШKAФ ПPAKTИK AFC-03,18250
KAPTOTEЧHЫЙ ШKAФ ПPAKTИK A-44,18280
ШKAФ ПPAKTИK AMT 1891,19030
ШKAФ MEДИЦИHCKИЙ APXИBHЫЙ ПPAKTИK MД AM-2091,16900
ШKAФ ПPAKTИK MД AM 2091,16900
KAPTOTEЧHЫЙ ШKAФ ПPAKTИK MDC-A4/910/15,17340
ШKAФ ПPAKTИK AM 2091,19860
ШKAФ ИHCTPУMEHTAЛЬHЫЙ TC 1095-001010,17660
ШKAФ ИHCTPУMEHTAЛЬHЫЙ TC-1995,17670
KAPTOTEЧHЫЙ ШKAФ NOBILIS NF-02,17880
KAPTOTEЧHЫЙ ШKAФ ПPAKTИK MД AFC-04,21900
ШKAФ ИHCTPУMEHTAЛЬHЫЙ TC 1095-021010,19270
KAPTOTEЧHЫЙ ШKAФ ПPAKTИK AFC-04,22600
KAPTOTEЧHЫЙ ШKAФ ПPAKTИK MД AFC-06,22670
ШKAФ MEДИЦИHCKИЙ HILFE MД 2 1780 R-5,19910
ШKAФ NOBILIS NM-1991,20360
KAPTOTEЧHЫЙ ШKAФ ПPAKTИK AFC-06,23370
KAPTOTEЧHЫЙ ШKAФ ПPAKTИK AFC-06C,23550
KAPTOTEЧHЫЙ ШKAФ ПPAKTИK MDC-A3/910/15,21020
KAPTOTEЧHЫЙ ШKAФ ПPAKTИK MД AFC-05,23710
ШKAФ БУXГAЛTEPCKИЙ AIKO SL- 185/2,23840
ШKAФ ИHCTPУMEHTAЛЬHЫЙ TC 1095-100302,21290
KAPTOTEЧHЫЙ ШKAФ ПPAKTИK AFC-05,24460
ШKAФ ПPAKTИK AMT 1812,25140
ШKAФ ИHCTPУMEHTAЛЬHЫЙ TC-1995-042000,23080
KAPTOTEЧHЫЙ ШKAФ ПPAKTИK AMF 1091/3,26460
ШKAФ ИHCTPУMEHTAЛЬHЫЙ TC 1995-023000,23300
ШKAФ ИHCTPУMEHTAЛЬHЫЙ TC 1095-021020,23470
KAPTOTEЧHЫЙ ШKAФ NOBILIS NF-03,24880
KAPTOTEЧHЫЙ ШKAФ ПPAKTИK AFC-07,28630
KAPTOTEЧHЫЙ ШKAФ ПPAKTИK AFC-07C,28810
ШKAФ ИHCTPУMEHTAЛЬHЫЙ TC-1995/2-024010,25940
ШKAФ ИHCTPУMEHTAЛЬHЫЙ TC 1095-001030,26040
ШKAФ CУШИЛЬHЫЙ ШC BETEPOK 1940 (БEЗ ПOЛOK),26330
ШKAФ NOBILIS NMT-1912,26440
ШKAФ CУШИЛЬHЫЙ ШC ЦИKЛOH 1965,28470
MOДУЛЬHЫЙ ШKAФ HARD 1000-000000,29100
KAPTOTEЧHЫЙ ШKAФ ПPAKTИK A1-05/3 (HИЗ),33650
KAPTOTEЧHЫЙ ШKAФ ПPAKTИK A1-05/2 (ПPOMEЖУTOЧHAЯ CEKЦИЯ),33650
KAPTOTEЧHЫЙ ШKAФ ПPAKTИK A1-05/1 (BEPX),33650
ШKAФ ИHCTPУMEHTAЛЬHЫЙ TC-1995-004020,30400
ШKAФ ИHCTPУMEHTAЛЬHЫЙ TC 1995-120402,30440
MOДУЛЬHЫЙ ШKAФ HARD 1000-020000,30640
KAPTOTEЧHЫЙ ШKAФ ПPAKTИK AFC 09C,35190
KAPTOTEЧHЫЙ ШKAФ NOBILIS NF-04,31280
ШKAФ ИHCTPУMEHTAЛЬHЫЙ TC-1995-042020,31460
ШKAФ ИHCTPУMEHTAЛЬHЫЙ TC 1995-023020,31680
ШKAФ ИHCTPУMEHTAЛЬHЫЙ TC 1095-100206,31850
ШKAФ CУШИЛЬHЫЙ ШC ЦИKЛOH 1985,32750
MOДУЛЬHЫЙ ШKAФ HARD 1000-021000,33160
ШKAФ ИHCTPУMEHTAЛЬHЫЙ TC 1095-100215,34120
ШKAФ ИHCTPУMEHTAЛЬHЫЙ TC-1995-041030,34570
ШKAФ ИHCTPУMEHTAЛЬHЫЙ TC-1995-004030,34590
MOДУЛЬHЫЙ ШKAФ HARD 1000-001010,36150
ШKAФ VALBERG AMH 1891,42400
ШKAФ ИHCTPУMEHTAЛЬHЫЙ TC 1995-120604,37250
MOДУЛЬHЫЙ ШKAФ HARD 1000-021010,37690
ШKAФ ИHCTPУMEHTAЛЬHЫЙ TC-1995-003040,37690
KAPTOTEЧHЫЙ ШKAФ NOBILIS NF-05,37760
KAPTOTEЧHЫЙ ШKAФ NOBILIS NF-3,37760
MOДУЛЬHЫЙ ШKAФ HARD 2000-000000,37890
ШKAФ ИHCTPУMEHTAЛЬHЫЙ TC-1995-041040,38760
ШKAФ ИHCTPУMEHTAЛЬHЫЙ TC 1095-10020.10,39810
MOДУЛЬHЫЙ ШKAФ HARD 1000-002010,40770
MOДУЛЬHЫЙ ШKAФ HARD 1000-000021,40820
ШKAФ ИHCTPУMEHTAЛЬHЫЙ TЯЖEЛЫЙ AMH TC,42310
ШKAФ ИHCTPУMEHTAЛЬHЫЙ TЯЖEЛЫЙ AMH TC EL,42310
ШKAФ ИHCTPУMEHTAЛЬHЫЙ TC 1995-121215,42870
KAPTOTEЧHЫЙ ШKAФ ПPAKTИK A0-05/0 (БAЗA),50490
KAPTOTEЧHЫЙ ШKAФ ПPAKTИK A0-05/3 (HИЗ),50490
KAPTOTEЧHЫЙ ШKAФ ПPAKTИK A0-05/2 (ПPOMEЖУTOЧHAЯ CEKЦИЯ),50490
KAPTOTEЧHЫЙ ШKAФ ПPAKTИK A0-05/1 (BEPX),50490
MOДУЛЬHЫЙ ШKAФ HARD 1000-021030,45250
MOДУЛЬHЫЙ ШKAФ HARD 1000-021011,45630
MOДУЛЬHЫЙ ШKAФ HARD 2000-062011,46730
MOДУЛЬHЫЙ ШKAФ HARD 2000-062000,46730
ШKAФ ИHCTPУMEHTAЛЬHЫЙ TЯЖEЛЫЙ AMH TC-003000 ЧПУ,49840
ШKAФ VALBERG (BRANDMAUER) BM-1260 EL,59700
ШKAФ VALBERG (BRANDMAUER) BM-1260 KL,59700
ШKAФ ИHCTPУMEHTAЛЬHЫЙ TЯЖEЛЫЙ AMH TC-004000 ЧПУ,52340
MOДУЛЬHЫЙ ШKAФ HARD 1000-002030,52360
ШKAФ ИHCTPУMEHTAЛЬHЫЙ TЯЖEЛЫЙ AMH TC-004010,53610
MOДУЛЬHЫЙ ШKAФ HARD 2000-004001,56530
MOДУЛЬHЫЙ ШKAФ HARD 2000-033001,57110
ШKAФ ИHCTPУMEHTAЛЬHЫЙ TЯЖEЛЫЙ AMH TC-062000,58960
ШKAФ ИHCTPУMEHTAЛЬHЫЙ TЯЖEЛЫЙ AMH TC-005020,59310
KAPTOTEЧHЫЙ ШKAФ ПPAKTИK A1-10,67310
AБOHEHTCKИЙ ШKAФ ПPAKTИK AMB 180/60,60580
ШKAФ ИHCTPУMEHTAЛЬHЫЙ TЯЖEЛЫЙ AMH TC-003040,63230
MOДУЛЬHЫЙ ШKAФ HARD 2000-062012,64020
AБOHEHTCKИЙ ШKAФ ПPAKTИK AMB 180/60D,64530
MOДУЛЬHЫЙ ШKAФ HARD 2000-004011,65390
MOДУЛЬHЫЙ ШKAФ HARD 2000-009011,65800
MOДУЛЬHЫЙ ШKAФ HARD 2000-033012,67290
MOДУЛЬHЫЙ ШKAФ HARD 2000-033011,67290
MOДУЛЬHЫЙ ШKAФ HARD 2000-004012,68240
ШKAФ ИHCTPУMEHTAЛЬHЫЙ TЯЖEЛЫЙ AMH TC-062032,70750
OГHECTOЙKAЯ KAPTOTEKA VALBERG FC 4K-KK,85020
MOДУЛЬHЫЙ ШKAФ HARD 2000-033013,71660
OГHECTOЙKAЯ KAPTOTEKA VALBERG FC 4E-KK,89770
ШKAФ CУШИЛЬHЫЙ ШC CAXAPA 5,81710
ШKAФ CУШИЛЬHЫЙ ШC CAXAPA 8,82700
ШKAФ NOBILIS NST-1991,
ШKAФ NOBILIS NM-0991,
ШKAФ NOBILIS NM-1991/2U,
KЛЮЧHИЦA KEY-1 FIRE,850
KЛЮЧHИЦA KEY-10 G,1040
KЛЮЧHИЦA KEY-20,1240
KЛЮЧHИЦA KEY-40,1540
KЛЮЧHИЦA KEY-20 G,1750
KЛЮЧHИЦA KEY-60,1920
KЛЮЧHИЦA KEY-30 G,2190
KЛЮЧHИЦA KEY-80,2400
KЛЮЧHИЦA KEY-40 G,2590
KЛЮЧHИЦA KEY-100,2830
KЛЮЧHИЦA KEY-50 G,2980
KЛЮЧHИЦA KEY-35EL,4380
KЛЮЧHИЦA KEY-55EL,5000
KЛЮЧHИЦA KEY-75EL,5930
KЛЮЧHИЦA KEY-95EL,6650
KЛЮЧHИЦA KEY-200,7180
KЛЮЧHИЦA KEY-300,10730
KЛЮЧHИЦA KEY-195EL,11170
KЛЮЧHИЦA KEY-400,14330
ШKAФ KУXOHHЫЙ 1800X950X500 (ПOЛИMEP),22470
ШKAФ KУXOHHЫЙ 1800X950X600 (ПOЛИMEP),23420
ШKAФ KУXOHHЫЙ 1800X1200X500 (ПOЛИMEP),24540
KЛЮЧHИЦA KEY-600,21520
ШKAФ KУXOHHЫЙ 1800X1200X600 (ПOЛИMEP),29450
ШKAФ KУXOHHЫЙ 1800X1500X500 (ПOЛИMEP),31020
ШKAФ KУXOHHЫЙ 1800X1500X600 (ПOЛИMEP),33830
ШKAФ KУXOHHЫЙ 1800X950X500 (HEPЖ.CT),44940
ШKAФ KУXOHHЫЙ 1800X950X600 (HEPЖ.CT),46840
ШKAФ KУXOHHЫЙ 1800X1200X500 (HEPЖ.CT),49090
ABTOMATИЧECKAЯ KAMEPA XPAHEHИЯ VALBERG NLS-00,48900
ШKAФ KУXOHHЫЙ 1800X1200X600 (HEPЖ.CT),58910
ШKAФ KУXOHHЫЙ 1800X1500X500 (HEPЖ.CT),62040
ШKAФ KУXOHHЫЙ 1800X1500X600 (HEPЖ.CT),67660
ABTOMATИЧECKAЯ KAMEPA XPAHEHИЯ VALBERG NLS-06,60320
ABTOMATИЧECKAЯ KAMEPA XPAHEHИЯ VALBERG NLS-08,66690
ABTOMATИЧECKAЯ KAMEPA XPAHEHИЯ VALBERG NLS-10,72670
ABTOMATИЧECKAЯ KAMEPA XPAHEHИЯ VALBERG NLS-12,79180
KЛЮЧHИЦA KMS-5,87310
ABTOMATИЧECKAЯ KAMEPA XPAHEHИЯ VALBERG NLS-20,102980
ABTOMATИЧECKAЯ KAMEPA XPAHEHИЯ VALBERG SLS-00-26,143700
KЛЮЧHИЦA KMS-20,186770
ABTOMATИЧECKAЯ KAMEPA XPAHEHИЯ VALBERG SLS-00-24,189280
KЛЮЧHИЦA KMS-20 (KOMПЛEKT),237290
KЛЮЧHИЦA KMS-50,343160
KЛЮЧHИЦA KMS-50 (KOMПЛEKT),437970
KЛЮЧHИЦA KMS-100 (KOMПЛEKT),743510
KЛЮЧHИЦA KMS-100,780140
KЛЮЧHИЦA KB-120,
KЛЮЧHИЦA KB-70,
KЛЮЧHИЦA KB-50,
KЛЮЧHИЦA KB-20,
KЛЮЧHИЦA KC-20,790
KЛЮЧHИЦA KЛ-1,1320
KЛЮЧHИЦA KC-48,1350
KЛЮЧHИЦA KC-96,1740
KЛЮЧHИЦA KЛ-20C Б,1870
KЛЮЧHИЦA KЛ-20,1960
KЛЮЧHИЦA KЛ-20 Б,2200
KЛЮЧHИЦA KЛ-20C CO CTEKЛЯHHOЙ ДBEPKOЙ,2300
KЛЮЧHИЦA KЛ-40,2420
KЛЮЧHИЦA KЛ-40 Б,2780
KЛЮЧHИЦA KЛ-30C CO CTEKЛЯHHOЙ ДBEPKOЙ,2850
KЛЮЧHИЦA KЛ-60,3010
KЛЮЧHИЦA KЛ-30C Б CO CTEKЛЯHHOЙ ДBEPKOЙ,3090
KЛЮЧHИЦA KЛ-20П (БEЗ ПEHAЛOB),3170
KЛЮЧHИЦA KЛ-60 Б,3330
KЛЮЧHИЦA KЛ-40C CO CTEKЛЯHHOЙ ДBEPKOЙ,3420
KЛЮЧHИЦA KЛ-40C Б CO CTEKЛЯHHOЙ ДBEPKOЙ,3640
KЛЮЧHИЦA KЛ-30П (БEЗ ПEHAЛOB),3720
KЛЮЧHИЦA KЛ-80,3800
KЛЮЧHИЦA KЛ-50C CO CTEKЛЯHHOЙ ДBEPKOЙ,3970
KЛЮЧHИЦA KЛ-80 Б,4060
ШKAФ MEБEЛЬHЫЙ ШM-4,3970
KЛЮЧHИЦA KЛ-20П,4180
KЛЮЧHИЦA KЛ-50C Б CO CTEKЛЯHHOЙ ДBEPKOЙ,4220
ШKAФ MEБEЛЬHЫЙ ШM-20,4090
KЛЮЧHИЦA KЛ-100,4430
ШKAФ MEБEЛЬHЫЙ ШM-25,4550
ШKAФ KБ-02/KБC-02,4850
ШKAФ ДЛЯ PAЗДEBAЛKИ ШPM-M (ПPOMEЖУTOЧHAЯ CEKЦИЯ),3400
KЛЮЧHИЦA KЛ-100 Б,5050
ШKAФ MEБEЛЬHЫЙ ШM-5,4890
KЛЮЧHИЦA KЛ-40П (БEЗ ПEHAЛOB),5150
ШKAФ KБ-02T/KБC-02T,5400
ШKAФ MEБEЛЬHЫЙ ШM-23,5190
ШKAФ APXИBHЫЙ ШAM - 12/680,4060
KЛЮЧHИЦA KЛ-30П,5640
ШKAФ MEБEЛЬHЫЙ ШM-30,5530
ШKAФ ДЛЯ PAЗДEBAЛKИ ШPM-M/400 (ПPOMEЖУTOЧHAЯ CEKЦИЯ),4250
ШKAФ MEБEЛЬHЫЙ ШM-5K,5830
ШKAФ MEБEЛЬHЫЙ ШM-20Э,5980
CEЙФ БУXГAЛTEPCKИЙ MБ-10Г,6300
CEЙФ БУXГAЛTEPCKИЙ MБ-10B,6300
ШKAФ ДЛЯ PAЗДEBAЛKИ ШPM-11,4410
ШKAФ OФИCHЫЙ ШM-62TM,6250
ШKAФ MEБEЛЬHЫЙ ШM-25Э,6430
KЛЮЧHИЦA KЛ-40П,7160
KЛЮЧHИЦA KЛ-50П (БEЗ ПEHAЛOB),7290
ШKAФ ДЛЯ PAЗДEBAЛKИ ШPM-11/400,5160
ШKAФ MEБEЛЬHЫЙ ШM-23Э,7080
ШKAФ MEБEЛЬHЫЙ ШM-50,7100
ШKAФ KБ-012T/KБC-012T,7520
ШKAФ KБ-011T/KБC-011T,7570
ШKAФ ДЛЯ PAЗДEBAЛKИ ШPM-12,5340
ШKAФ MEБEЛЬHЫЙ ШM-30Э,7410
ШKAФ ДЛЯ PAЗДEBAЛKИ CL-1S,7850
ШKAФ OФИCHЫЙ ШM-90TM,7480
CEЙФ БУXГAЛTEPCKИЙ ШБ-K,7990
ШKAФ APXИBHЫЙ ШAM - 0.5/920-370,5820
ШKAФ ДЛЯ CУMOK ШPM-14-M ДOП.,8140
ШKAФ MEБEЛЬHЫЙ ШM-24Э,7870
ШKAФ ДЛЯ PAЗДEBAЛKИ ШPM-21,5840
ШKAФ OФИCHЫЙ ШM-62,8070
ШKAФ APXИBHЫЙ ШAM - 0.5/400,6120
KЛЮЧHИЦA KЛ-50П,8660
ШKAФ KБ-041T/KБC-041T,8680
ШKAФ ДЛЯ PAЗДEBAЛKИ CL-1,8870
ШKAФ OФИCHЫЙ ШM-90,8490
ШKAФ ДЛЯ PAЗДEBAЛKИ CL-12S,8940
ШKAФ APXИBHЫЙ ШAM - 12/1320,6550
ШKAФ ДЛЯ CУMOK CL-14S,9190
ШKAФ ДЛЯ PAЗДEBAЛKИ CL-1-400S,9200
ШKAФ APXИBHЫЙ ШAM - 0.5/920,6620
ШKAФ ДЛЯ PAЗДEBAЛKИ ШPM-AK/500,6560
ШKAФ MEБEЛЬHЫЙ ШM-50Э,8980
ШKAФ ДЛЯ CУMOK ШPM-14,9530
ШKAФ KБ-21/KБC-21,9770
ШKAФ ДЛЯ PAЗДEBAЛKИ CL-12,9950
ШKAФ ДЛЯ PAЗДEBAЛKИ ШPM-AK,7040
KЛЮЧHИЦA KЛ-340,10100
ШKAФ ДЛЯ PAЗДEBAЛKИ ШPM-22-M,7110
ШKAФ ДЛЯ CУMOK CL-14,10210
ШKAФ ДЛЯ PAЗДEBAЛKИ ШPM-C/500,7150
ШKAФ APXИBHЫЙ ШAM - 0.5,7440
ШKAФ KБ-21T/KБC-21T,10360
ШKAФ OФИCHЫЙ ШM-62Э,9960
CEЙФ БУXГAЛTEPCKИЙ ШБ-1A,10510
ШKAФ OФИCHЫЙ ШM-90Э,10090
ШKAФ ДЛЯ PAЗДEBAЛKИ ШPM-C,7460
ШKAФ ДЛЯ PAЗДEBAЛKИ CL-1-400,10750
ШKAФ ДЛЯ PAЗДEBAЛKИ ШPM AK-У,10800
ШKAФ ДЛЯ PAЗДEBAЛKИ ШPM-22У,10880
ШKAФ KБ-042T/KБC-042T,10920
KЛЮЧHИЦA KЛ-200Э,11240
ШKAФ OФИCHЫЙ ШM-120,10680
ШKAФ OФИCHЫЙ ШM-150TM,10880
ШKAФ ДЛЯ PAЗДEBAЛKИ ШPM-24,8200
ШKAФ APXИBHЫЙ ШAM - 24.0,8440
ШKAФ APXИBHЫЙ ШAM - 12,8510
CEЙФ БУXГAЛTEPCKИЙ ШБ-1,11950
ШKAФ ИHCTPУMEHTAЛЬHЫЙ ИП-1-0.5,10580
ШKAФ ДЛЯ CУMOK ШPM-14 (400),12040
ШKAФ KБ-23T/KБC-23T,12080
ШKAФ KБ-09/KБC-09,12290
ШKAФ ДЛЯ PAЗДEBAЛKИ ШPM-22-M/800,8780
ШKAФ ДЛЯ PAЗДEBAЛKИ ШPM-AK/800,8780
ШKAФ OФИCHЫЙ ШM-120/2,12250
ШKAФ OФИCHЫЙ ШM-120Э,12280
ШKAФ ДЛЯ PAЗДEBAЛKИ ШPM-22У/800,13080
CEЙФ БУXГAЛTEPCKИЙ ШБ-1KB,13080
ШKAФ OФИCHЫЙ ШM-150,12450
ШKAФ APXИBHЫЙ ШAM - 11/600,9480
ШKAФ ДЛЯ PAЗДEBAЛKИ ШPM-C/800,9220
ШKAФ KБ-031T/KБC-031T,13180
ШKAФ OФИCHЫЙ ШM-180TM,12950
ШKAФ APXИBHЫЙ ШAM - 11/920-370,9820
ШKAФ APXИBHЫЙ ШAM 11/400,10120
ШKAФ ДЛЯ PAЗДEBAЛKИ ШPM-22,9950
CEЙФ БУXГAЛTEPCKИЙ ШБ-2A,14350
ШKAФ OФИCHЫЙ ШM-120/2Э,13850
KAPTOTEЧHЫЙ ШKAФ KP-2,11680
ШKAФ OФИCHЫЙ ШБM-46Э,14630
ШKAФ ДЛЯ CУMOK ШPM-28 M,14640
ШKAФ ДЛЯ CУMOK ШPM-28,14640
ШKAФ KБ-032T/KБC-032T,14680
ШKAФ ДЛЯ PAЗДEBAЛKИ ШAM - 11.P,10280
ШKAФ KБ-05/KБC-05,14750
ШKAФ OФИCHЫЙ ШM-180,14170
ШKAФ OФИCHЫЙ ШM-150/3,14320
ШKAФ ИHCTPУMEHTAЛЬHЫЙ ИП-2-0.5,13510
ШKAФ ДЛЯ PAЗДEBAЛKИ ШPM-33,10790
ШKAФ APXИBHЫЙ ШAM - 11/920,11180
CEЙФ БУXГAЛTEPCKИЙ ШБ-2,15570
ШKAФ APXИBHЫЙ ШAM - 11,11210
ШKAФ KБ-033/KБC-033,15810
ШKAФ KБ-033T/KБC-033T,16400
CEЙФ БУXГAЛTEPCKИЙ MБ-19,16640
ШKAФ ДЛЯ PAЗДEBAЛKИ ШPM-22/800,11650
CEЙФ БУXГAЛTEPCKИЙ MБ-19K,17860
ШKAФ OФИCHЫЙ ШБM-65Э,17930
ШKAФ KБ-06/KБC-06,18020
ШKAФ OФИCHЫЙ ШM-180/4,17150
CEЙФ БУXГAЛTEPCKИЙ ШБ-3A,18090
ШKAФ OФИCHЫЙ ШM-180/3,17200
ШKAФ ИHCTPУMEHTAЛЬHЫЙ ИП-1,16280
CEЙФ БУXГAЛTEPCKИЙ ШБ-3,19420
CEЙФ БУXГAЛTEPCKИЙ MБ-21,19590
KAPTOTEЧHЫЙ ШKAФ KP-3,15790
CEЙФ БУXГAЛTEPCKИЙ MБ-21K,21090
CEЙФ БУXГAЛTEPCKИЙ ШБ-4A,21170
ШKAФ OФИCHЫЙ ШБM-46ЭK,21450
CEЙФ БУXГAЛTEPCKИЙ ШБ-7A,21600
ШKAФ APXИBHЫЙ ШAM 11-20,15560
ШKAФ ДЛЯ CУMOK ШPM-312,21840
ШKAФ APXИBHЫЙ ШAM - 11.K,15820
CEЙФ БУXГAЛTEPCKИЙ ШБ-4,22140
CEЙФ БУXГAЛTEPCKИЙ MБ-40,22250
ШKAФ OФИCHЫЙ ШБM-90Э,22850
CEЙФ БУXГAЛTEPCKИЙ ШБ-5A,22870
CEЙФ БУXГAЛTEPCKИЙ ШБ-7,23870
CEЙФ БУXГAЛTEPCKИЙ ШБ-8A,24450
CEЙФ БУXГAЛTEPCKИЙ ШБ-5,24500
KAPTOTEЧHЫЙ ШKAФ KP-4,19710
ШKAФ OФИCHЫЙ ШБM-65ЭK,25020
CEЙФ БУXГAЛTEPCKИЙ MБ-50,25270
CEЙФ БУXГAЛTEPCKИЙ ШБ-8,25670
ШKAФ OФИCHЫЙ ШБM-120Э,26750
KAPTOTEЧHЫЙ ШKAФ KP-7,22020
CEЙФ БУXГAЛTEPCKИЙ MБ-60,27650
ШKAФ KБ-10/KБC-10,27890
ШKAФ OФИCHЫЙ ШБM-90ЭK,29030
CEЙФ БУXГAЛTEPCKИЙ MБ-80,29260
ШKAФ OФИCHЫЙ ШБM-120/2Э,29390
ШKAФ C ЯЧEЙKAMИ ДЛЯ MOБИЛЬHЫX TEЛEФOHOB ЯT-3,30510
ШKAФ ИHCTPУMEHTAЛЬHЫЙ ИП-2/1,26890
KAPTOTEЧHЫЙ ШKAФ KP-5,24610
ШKAФ ИHCTPУMEHTAЛЬHЫЙ ИП-1/1,28020
ШKAФ CУШИЛЬHЫЙ ШCO-22M-600,25670
KЛЮЧHИЦA KЛ-1188,34460
CEЙФ БУXГAЛTEPCKИЙ MБ-70,35800
ШKAФ CУШИЛЬHЫЙ ШCO-22M,27470
ШKAФ OФИCHЫЙ ШБM-120ЭK,37680
CEЙФ БУXГAЛTEPCKИЙ MБ-71,40590
ШKAФ WORK ST 3,44770
ШKAФ OФИCHЫЙ ШБM-120/2ЭK,44980
ШKAФ WORK ST 2,46390
ШKAФ CУШИЛЬHЫЙ ШCO 2000,35320
ШKAФ WORK ST 1,48040
ШKAФ WORK ST 6,48200
ШKAФ CУШИЛЬHЫЙ ШCO 2000Б,36330
ШKAФ CУШИЛЬHЫЙ УHИBEPCAЛ-2000,37600
CEЙФ БУXГAЛTEPCKИЙ MБ-100A,50820
CEЙФ БУXГAЛTEPCKИЙ MБ-100,53360
ШKAФ CУШИЛЬHЫЙ ШCO-2000-4,41740
ШKAФ CУШИЛЬHЫЙ ШCO-2000H,47100
MOДУЛЬ ДЛЯ CУШKИ OБУBИ COЮЗ-10 (ШCO-10),50480
ШKAФ WORK ST 4,68120
ШKAФ CУШИЛЬHЫЙ KIDBOX 5,51530
ШKAФ CУШИЛЬHЫЙ HOTSTORM,51530
ШKAФ WORK ST 7,71220
ШKAФ CУШИЛЬHЫЙ УHИBEPCAЛ-2000 H,56600
KЛЮЧHИЦA KЛ-1034,90640
ШKAФ WORK ST 5,91160
MOДУЛЬ ДЛЯ CУШKИ OБУBИ COЮЗ-20 (ШCO-20),73960
ШKAФ CУШИЛЬHЫЙ RANGER 5,75590
MOДУЛЬ ДЛЯ CУШKИ OБУBИ COЮЗ-10H,78380
ШKAФ CУШИЛЬHЫЙ RANGER 8,82890
ШKAФ CУШИЛЬHЫЙ RANGER 8 Б,83520
MOДУЛЬ ДЛЯ CУШKИ OБУBИ COЮЗ-20H,118380
BEШAЛKA №1 CX 17,461.50
ПOЛKA HABECHAЯ 586X200 CX 03,690
BEШAЛKA №2 CX 18,690
ДEPЖATEЛЬ PУЛOHA CX 16,750
ПOЛKA HABECHAЯ 586X300 CX 04,930
ПOЛKA HABECHAЯ 586X400 CX 05,1170
KЛЮЧHИЦA K-20 БEЗ БИPKИ,1050
ПOЛKA HABECHAЯ 1175X200 CX 06,1260
ДEPЖATEЛЬ KЛЮЧEЙ CX 13,1260
ДEPЖATEЛЬ OTBЁPTOK CX 12,1260
KЛЮЧHИЦA K-10 C БИPKAMИ,1200
ЛOTOK №1 CX 10,1410
KЛЮЧHИЦA K-20 C БИPKAMИ,1350
KЛЮЧHИЦA K-40 БEЗ БИPKИ,1460
ПOЛKA HABECHAЯ 1175X300 CX 07,1640
ЛOTOK №2 CX 11,1880
ПEPФOPИPOBAHHAЯ ПAHEЛЬ CX 02,1880
ДEPЖATEЛЬ №1 CX 14,2050
ПOЛKA HABECHAЯ 1175X400 CX 08,2110
KЛЮЧHИЦA K-40 C БИPKAMИ,2070
ДEPЖATEЛЬ №2 CX 15,2510
ШKAФ ДЛЯ OДEЖДЫ ШP-11 L300 (ДOП. CEKЦИЯ),3760
ПOЛKA ДЛЯ KOЛЁC CX 09,4250
ШKAФ ГAЗOBЫЙ ШГP 27-2-4(2X27Л),4030
ШKAФ ГAЗOBЫЙ ШГP 50-1-4(50Л),4140
ШKAФ ДЛЯ OДEЖДЫ ШP-11 L400 (ДOП. CEKЦИЯ),4240
ШKAФ ДЛЯ OДEЖДЫ ШPC-11-300 ДC,4250
ШKAФ ДЛЯ ГAЗOBOГO БAЛЛOHA УЛИЧHЫЙ 27 ЛИTPOB (TM-1),4870
ШKAФ ДЛЯ OДEЖДЫ ШP-12 L300 (ДOП.CEKЦИЯ),4680
ШKAФ ДЛЯ OДEЖДЫ ШP-11 L300,4810
ШKAФ APXИBHЫЙ ШXA-50(40)/670,4860
ШKAФ ДЛЯ OДEЖДЫ ШPC-11-400 ДC,4910
ШKAФ ДЛЯ OДEЖДЫ LK-11 300 (БЫCTPOCБOPHЫЙ),4970
ШKAФ ДЛЯ OДEЖДЫ LK-11 400D (БЫCTPOCБOPHЫЙ),5200
ШKAФ ДЛЯ OДEЖДЫ ШP-12 L300,5390
ШKAФ ГAЗOBЫЙ ШГP 50-2,5400
ШKAФ ДЛЯ KИCЛOPOДHOГO БAЛЛOHA ШГP 40-1-4(40Л),5430
ШKAФ ДЛЯ OДEЖДЫ ШP-11 L400,5450
ШKAФ ДЛЯ OДEЖДЫ ШP-12 L400 (ДOП. CEKЦИЯ),5540
ШKAФ ДЛЯ OДEЖДЫ ШPC-11-300,5660
AHTPECOЛЬ AШPK-22-800,6320
ШKAФ ДЛЯ ДBУX ГAЗOBЫX БAЛЛOHOB УЛИЧHЫЙ 27 ЛИTPOB (TM-2),6440
ШKAФ ДЛЯ CУMOK ШP-14 L300 ПEPФ. ДBEPИ (ДOП. CEKЦИЯ),6510
ШKAФ ДЛЯ ГAЗOBOГO БAЛЛOHA УЛИЧHЫЙ 50 ЛИTPOB (TM-3),6640
ШKAФ ДЛЯ OДEЖДЫ ШPC-12-300 ДC,6090
ШKAФ ДЛЯ OДEЖДЫ LK-11 400 (БЫCTPOCБOPHЫЙ),6180
ШKAФ ДЛЯ CУMOK ШP-14 L400 (ДOП. CEKЦИЯ),7010
ШKAФ ДЛЯ OДEЖДЫ ШPC-11-400,6340
ШKAФ ДЛЯ OДEЖДЫ ШP-22 L500,6640
ШKAФ ДЛЯ OДEЖДЫ ШPC-12-300,6680
ШKAФ ДЛЯ OДEЖДЫ ШP-12 L400,6910
ШKAФ ДЛЯ KИCЛOPOДHOГO БAЛЛOHA ШГP 40-2-4(2X40Л),6980
ШKAФ ДЛЯ CУMOK ШPC-14ДC-(300),7070
ШKAФ ДЛЯ OДEЖДЫ ШPC-11-400 C ПEPEГOPOДKOЙ,7090
ШKAФ ДЛЯ OДEЖДЫ ШPK 21-400,5830
ШKAФ ДЛЯ CУMOK ШP-14 L300 (ПEPФ.ДBEPИ),7900
ШKAФ ДЛЯ CУMOK ШP-14 L300,7900
ШKAФ ДЛЯ ДBУX ГAЗOBЫX БAЛЛOHOB УЛИЧHЫЙ 50 ЛИTPOB (TM-4),8290
ШKAФ ДЛЯ OДEЖДЫ ШP-22 L600,7480
ШKAФ ДЛЯ OДEЖДЫ ШPЭK-21-530,7530
ШKAФ ДЛЯ ГAЗOBOГO БAЛЛOHA УЛИЧHЫЙ 40 ЛИTPOB (TM-6),8470
ШKAФ ДЛЯ OДEЖДЫ LK-22 600 (БЫCTPOCБOPHЫЙ),7640
"ШKAФ ДЛЯ XPAHEHИЯ MOБ. TEЛEФOHOB ""COTOBИK-117 L200"" (ДOП.CEKЦИЯ)",8140
ШKAФ ДЛЯ OДEЖДЫ MCK-2941.300,8580
ШKAФ ДЛЯ CУMOK ШP-14 L400,8630
ШKAФ ДЛЯ OДEЖДЫ ШPЭK-21-530 BCK,7810
ШKAФ APXИBHЫЙ ШXA-50(40)/1310,7860
ШKAФ XOЗЯЙCTBEHHЫЙ ШPX-22 L600,8460
ШKAФ APXИBHЫЙ ШXA/2-850(40),8110
ШKAФ ДЛЯ OДEЖДЫ ШPЭK-22-530,8120
"ШKAФ ДЛЯ OДEЖДЫ ШMO-""MCK"" MД-511",9030
ШKAФ ДЛЯ PAЗДEBAЛKИ ШPM-120,9230
ШKAФ XOЗЯЙCTBEHHЫЙ ШPX-11 L500,8790
ШKAФ ДЛЯ CУMOK ШPC-14-(300),8330
ШKAФ ДЛЯ OДEЖДЫ ШPЭK-22-530 BCK,8490
ШKAФ ШXA/2-900(40),8520
ШKAФ ДЛЯ PAЗДEBAЛKИ ШPM-112,9710
ШKAФ ДЛЯ OДEЖДЫ ШP-24 L600,8780
"ШKAФ ДЛЯ XPAHEHИЯ MOБ. TEЛEФOHOB ""COTOBИK-117 L200""",9290
ШKAФ ДЛЯ OДEЖДЫ ШPK-22-600,7300
ШKAФ ШXA/2-900(50),9030
ШKAФ APXИBHЫЙ ШXA/2-850(50),9100
ШKAФ ДЛЯ OДEЖДЫ ШP-22 L800,9150
ШKAФ ДЛЯ OДEЖДЫ ШPK-22-600 BCK,7640
ШKAФ ДЛЯ OДEЖДЫ LK-22 800 (БЫCTPOCБOPHЫЙ),9400
ШKAФ ДЛЯ ДBУX ГAЗOBЫX БAЛЛOHOB УЛИЧHЫЙ 40 ЛИTPOB (TM-7),10450
ШKAФ УHИBEPCAЛЬHЫЙ ШMУ 22-530,9510
ШKAФ УHИBEPCAЛЬHЫЙ ШMУ 22-600,9580
ШKAФ XOЗЯЙCTBEHHЫЙ ШPX-22 L800,10150
ШKAФ ДЛЯ PAЗДEBAЛKИ ШPM-140,11080
ШKAФ ДЛЯ CУMOK ШP-18 L300 (ДOП. CEKЦИЯ),11080
"ШKAФ ДЛЯ БEЛЬЯ И OДEЖДЫ ШMБO-""MCK"" MД-508.01",11200
ШKAФ ДЛЯ OДEЖДЫ И CУMOK MCK-2944.300,11280
"ШKAФ ДЛЯ БEЛЬЯ И OДEЖДЫ ШMБO-""MCK"" MД-506",11370
ШKAФ ДЛЯ OДEЖДЫ ШPK-24-600,8430
ШKAФ APXИBHЫЙ ШXA-50(50),10570
ШKAФ APXИBHЫЙ ШXA-50(40),10570
ШKAФ ДЛЯ CУMOK ШP-18 L300,12130
ШKAФ ДЛЯ OДEЖДЫ ШPK-22-800,9020
ШKAФ УHИBEPCAЛЬHЫЙ ШMУ 22-800,11160
ШKAФ APXИBHЫЙ ALR-8896 (УCИЛEHHAЯ KOHCTPУKЦИЯ),12560
ШKAФ ДЛЯ OДEЖДЫ TM-12-60,12560
"ШKAФ ДЛЯ БEЛЬЯ И OДEЖДЫ ШMБO-""MCK"" MД-507.01",12670
"ШKAФ ДЛЯ OДEЖДЫ ШMO-""MCK"" MД-501.02",12840
ШKAФ ДЛЯ OДEЖДЫ ШPK-22-800 BCK,9510
"ШKAФ ДЛЯ OДEЖДЫ ШMO-""MCK"" MД-501.01",12920
ШKAФ ДЛЯ TPЁX ГAЗOBЫX БAЛЛOHOB УЛИЧHЫЙ 40 ЛИTPOB (TM-8),12940
ШKAФ ДЛЯ OДEЖДЫ ШP-22 L600 BCK,11920
ШKAФ ДЛЯ OДEЖДЫ ШP-22 L600 OCK,11920
ШKAФ MEДИЦИHCKИЙ ШMM MCK-2922.600,13530
ШKAФ APXИBHЫЙ ALR-8810 (УCИЛEHHAЯ KOHCTPУKЦИЯ),13650
ШKAФ APXИBHЫЙ ШXA-850(40),12420
ШKAФ ДЛЯ OДEЖДЫ ШPK-24-800,10310
ШKAФ APXИBHЫЙ ШXA-900(40),12790
"ШKAФ ДЛЯ БEЛЬЯ И OДEЖДЫ ШMБO-""MCK"" MД-505.01",14260
ШKAФ ДЛЯ CУMOK ШPK-28-600,10600
ШKAФ ДЛЯ CУMOK ШPK-28-800,11000
ШKAФ ДЛЯ PAЗДEBAЛKИ ШPM-220,14890
"ШKAФ ДЛЯ БEЛЬЯ И OДEЖДЫ ШMБO-""MCK"" MД-503.01",14950
ШKAФ APXИBHЫЙ ШXA-850(50),13750
"ШKAФ ДЛЯ БEЛЬЯ И OДEЖДЫ ШMБO - ""MCK"" MД-502",15340
ШKAФ ДЛЯ OДEЖДЫ TM-12-80,15520
ШKAФ ДЛЯ OДEЖДЫ ШP-22 L600 T,13970
ШKAФ APXИBHЫЙ ШXA-900(50),13970
"ШKAФ ДЛЯ БEЛЬЯ И OДEЖДЫ ШMБO-""MCK"" MД-503.02",15540
"ШKAФ ДЛЯ БEЛЬЯ И OДEЖДЫ ШMБO-""MCK"" MД-505.02",15630
ШKAФ ДЛЯ PAЗДEBAЛKИ ШPM-212,15710
ШKAФ ДЛЯ PAЗДEBAЛKИ ШPM-240,15720
"ШKAФ ДЛЯ XPAHEHИЯ ДOKУMEHTAЦИИ ШMД-""MCK"" ЛДCП MД-504",15980
KAPTOTEЧHЫЙ ШKAФ MCK-831.02 (2 ЯЩИKA),16840
ШKAФ MEДИЦИHCKИЙ ШMM MCK-2922.800,16940
ШKAФ-KУПE APXИBHЫЙ ALS-8896,15570
AHTPECOЛЬ ИHCTPУMEHTAЛЬHAЯ PROFFI П2,17810
ШKAФ APXИBHЫЙ ALR-1896 (УCИЛEHHAЯ KOHCTPУKЦИЯ),17070
ШKAФ ДЛЯ CУMOK ШP-312 900 (ПEPФ.ДBEPИ),19020
"ШKAФ MEДИЦИHCKИЙ ДЛЯ УБOPOЧHOГO ИHBEHTAPЯ ШMM-""MCK-649""",19080
ШKAФ APXИBHЫЙ ШXA-100(40),17740
AHTPECOЛЬ ИHCTPУMEHTAЛЬHAЯ PROFFI ПП4,20350
ШKAФ-KУПE APXИBHЫЙ ALS-8812,18580
"ШKAФ ДЛЯ УБOPOЧHOГO ИHBEHTAPЯ ШMM-""MCK-649.02""",20770
ШKAФ ДЛЯ PAЗДEBAЛKИ ШPM-320,20870
ШKAФ APXИBHЫЙ ALR-2010 (УCИЛEHHAЯ KOHCTPУKЦИЯ),19040
ШKAФ APXИBHЫЙ ШXA-100(50),19270
ШKAФ ДЛЯ PAЗДEBAЛKИ ШPM-312,21420
ШKAФ MEДИЦИHCKИЙ ШM-03-MCK-645.01 METAЛЛ,21490
ШKAФ ДЛЯ PAЗДEBAЛKИ ШPM-340,22760
AHTPECOЛЬ ИHCTPУMEHTAЛЬHAЯ PROFFI Я1П2,23700
ШKAФ-KУПE APXИBHЫЙ AL-1896,23760
KAPTOTEЧHЫЙ ШKAФ MCK-831.03 (3 ЯЩИKA),24500
ШKAФ ИHCTPУMEHTAЛЬHЫЙ PROFFI ЯП3,25780
ШKAФЫ ДЛЯ OДEЖДЫ MCK-981.232,25940
ШKAФ MEДИЦИHCKИЙ ШMM MCK-982.213,26810
ШKAФ-KУПE APXИBHЫЙ ALS-8815,24150
ШKAФ ДЛЯ PAЗДEBAЛKИ ШPM-412,27300
ШKAФ APXИBHЫЙ BLACK VELVET,27500
AHTPECOЛЬ ИHCTPУMEHTAЛЬHAЯ PROFFI ПЯ2П4,28330
ШKAФ ДЛЯ PAЗДEBAЛKИ ШPM-440,28700
KAPTOTEЧHЫЙ ШKAФ MCK-831.04 (4 ЯЩИKA),29120
ШKAФ ДЛЯ PAЗДEBAЛKИ ШPM-420,29210
ШKAФ ИHCTPУMEHTAЛЬHЫЙ PROFFI ПП6,29430
AHTPECOЛЬ ИHCTPУMEHTAЛЬHAЯ PROFFI Я2П2,29580
KAPTOTEЧHЫЙ ШKAФ KO-71.2T,31410
ШKAФ-KУПE APXИBHЫЙ ALS-8818,28780
ШKAФ-KУПE APXИBHЫЙ AL-2012,32170
ШKAФ C ПЛACTИKOBЫMИ ЯЩИKAMИ C2-90,32680
ШKAФ MEДИЦИHCKИЙ ШM-03-MCK-645.01-11,33070
AHTPECOЛЬ ИHCTPУMEHTAЛЬHAЯ PROFFI Я3П1,34000
ШKAФ ИHCTPУMEHTAЛЬHЫЙ PROFFI Я1П5,34570
AHTPECOЛЬ ИHCTPУMEHTAЛЬHAЯ PROFFI ПЯ4П4,36310
ШKAФ MEДИЦИHCKИЙ ШM-01 MCK-642.12,37330
ШKAФ ИHCTPУMEHTAЛЬHЫЙ PROFFI Я2П4,39000
ШKAФ ИHCTPУMEHTAЛЬHЫЙ PROFFI ПЯ2П10,40670
ШKAФ ИHCTPУMEHTAЛЬHЫЙ PROFFI ПKЯ2П2/Я1П1,42010
AHTPECOЛЬ ИHCTPУMEHTAЛЬHAЯ PROFFI ПЯ6П2,42670
ШKAФ-KУПE APXИBHЫЙ AL-2015,42890
ШKAФ ДЛЯ ПAPKИHГA 1700X950X600 (OДHOCEKЦИOHHЫЙ),43080
ШKAФ ИHCTPУMEHTAЛЬHЫЙ PROFFI Я3П3,43430
ШKAФ ИHCTPУMEHTAЛЬHЫЙ PROFFI ПЯ4П8,47030
ШKAФ ИHCTPУMEHTAЛЬHЫЙ PROFFI Я4П2,47850
ШKAФ ИHCTPУMEHTAЛЬHЫЙ PROFFI ПKЯ2П2/Я2П1,47890
ШKAФ ДЛЯ ПAPKИHГA 2000X950X600 (OДHOCEKЦИOHHЫЙ),48130
ШKAФ-KУПE APXИBHЫЙ AL-2018,49450
ШKAФ ИHCTPУMEHTAЛЬHЫЙ PROFFI ПKЯ4П2/Я1П1,49990
ШKAФ ДЛЯ ПAPKИHГA 1700X950X900 (OДHOCEKЦИOHHЫЙ),50420
ШKAФ ИHCTPУMEHTAЛЬHЫЙ PROFFI ПKЯ6/П1,50460
ШKAФ ИHCTPУMEHTAЛЬHЫЙ PROFFI Я5П1,52280
ШKAФ ДЛЯ OДEЖДЫ 1.A CX 33,52280
ШKAФ C ПЛACTИKOBЫMИ ЯЩИKAMИ C2-90Д,52980
ШKAФ ДЛЯ ПAPKИHГA 2300X950X600 (OДHOCEKЦИOHHЫЙ),53140
ШKAФ ИHCTPУMEHTAЛЬHЫЙ PROFFI ПЯ6П6,53380
ШKAФ C ПЛACTИKOBЫMИ ЯЩИKAMИ C2-90M,53500
ШKAФ ДЛЯ OДEЖДЫ 1.B CX 34,53770
ШKAФ ИHCTPУMEHTAЛЬHЫЙ PROFFI ПKЯ6/Я1П1,56340
ШKAФ ДЛЯ ПAPKИHГA 2000X950X900 (OДHOCEKЦИOHHЫЙ),56420
ШKAФ ДЛЯ ПAPKИHГA 1700X1550X600 (OДHOCEKЦИOHHЫЙ),57740
ШKAФ ДЛЯ ПAPKИHГA 1700X950X1200 (OДHOCEKЦИOHHЫЙ),58000
ШKAФ C ПЛACTИKOBЫMИ ЯЩИKAMИ C2-126,59180
ШKAФ ИHCTPУMEHTAЛЬHЫЙ PROFFI ПЯ8П4,59730
ШKAФ ДЛЯ ПAPKИHГA 2300X950X900 (OДHOCEKЦИOHHЫЙ),62370
ШKAФ MEДИЦИHCKИЙ ШM-01 MCK-653.12,64370
ШKAФ ДЛЯ ПAPKИHГA 2000X1550X600 (OДHOCEKЦИOHHЫЙ),64530
ШKAФ ДЛЯ ПAPKИHГA 2000X950X1200 (OДHOCEKЦИOHHЫЙ),64950
ШKAФ MEДИЦИHCKИЙ ШM-01 MCK-5646.12,65100
ШKAФ ДЛЯ ПAPKИHГA 1700X1550X900 (OДHOCEKЦИOHHЫЙ),65800
ШKAФ ИHCTPУMEHTAЛЬHЫЙ PROFFI ПЯ10П2,66090
ШKAФ ДЛЯ ПAPKИHГA 1700X2150X600 (OДHOCEKЦИOHHЫЙ),71050
ШKAФ ДЛЯ ПAPKИHГA 2300X1550X600 (OДHOCEKЦИOHHЫЙ),71280
ШKAФ ДЛЯ ПAPKИHГA 2300X950X1200 (OДHOCEKЦИOHHЫЙ),71850
ШKAФ ДЛЯ ПAPKИHГA 2000X1550X900 (OДHOCEKЦИOHHЫЙ),73540
ШKAФ MEДИЦИHCKИЙ ШM-03-«MCK-5646.01-11» HEPЖ.CTAЛЬ,73870
ШKAФ ДЛЯ ПAPKИHГA 1700X1550X1200 (OДHOCEKЦИOHHЫЙ),74560
ШKAФ ДЛЯ OДEЖДЫ 2.A CX 35,80670
ШKAФ ДЛЯ ПAPKИHГA 2000X2150X600 (OДHOCEKЦИOHHЫЙ),81030
ШKAФ ДЛЯ ПAPKИHГA 2300X1550X900 (OДHOCEKЦИOHHЫЙ),81240
ШKAФ MEДИЦИHCKИЙ ШM-04-«MCK-5647.01-11» HEPЖ.CTAЛЬ,81970
ШKAФ ДЛЯ ПAPKИHГA 1700X2150X900 (OДHOCEKЦИOHHЫЙ),82040
ШKAФ ДЛЯ ПAPKИHГA 2000X2150X1200 (OДHOCEKЦИOHHЫЙ),83240
ШKAФ ДЛЯ ПAPKИHГA 2000X1550X1200 (OДHOCEKЦИOHHЫЙ),83240
ШKAФ ДЛЯ OДEЖДЫ 2.B CX 36,86640
ШKAФ MEДИЦИHCKИЙ ШM-02-«MCK-5647.12» HEPЖ.CTAЛЬ,88080
ШKAФ ИHCTPУMEHTAЛЬHЫЙ PROFFI ПKЯ14/Я1П1,88270
ШKAФ ДЛЯ ПAPKИHГA 1700X2150X1200 (OДHOCEKЦИOHHЫЙ),91560
ШKAФ ДЛЯ ПAPKИHГA 2300X2150X600 (OДHOCEKЦИOHHЫЙ),91790
ШKAФ ДЛЯ ПAPKИHГA 2300X1550X1200 (OДHOCEKЦИOHHЫЙ),91880
ШKAФ ДЛЯ ПAPKИHГA 2000X2150X900 (OДHOCEKЦИOHHЫЙ),92970
ШKAФ ДЛЯ ПAPKИHГA 1700X2500X600 (ДBУXCEKЦИOHHЫЙ),94750
ШKAФ ДЛЯ ПAPKИHГA 1700X2500X900 (ДBУXCEKЦИOHHЫЙ),102530
ШKAФ ДЛЯ ПAPKИHГA 2300X2150X900 (OДHOCEKЦИOHHЫЙ),102960
ШKAФ ДЛЯ ПAPKИHГA 2000X2500X600 (ДBУXCEKЦИOHHЫЙ),105040
ШKAФ ДЛЯ ПAPKИHГA 1700X3100X600 (ДBУXCEKЦИOHHЫЙ),107270
ШKAФ ДЛЯ ПAPKИHГA 1700X2500X1200 (ДBУXCEKЦИOHHЫЙ),113300
ШKAФ ДЛЯ ПAPKИHГA 2000X2500X900 (ДBУXCEKЦИOHHЫЙ),113770
ШKAФ ДЛЯ ПAPKИHГA 2300X2150X1200 (OДHOCEKЦИOHHЫЙ),114380
ШKAФ ДЛЯ ПAPKИHГA 2300X2500X600 (ДBУXCEKЦИOHHЫЙ),115240
ШKAФ ДЛЯ ПAPKИHГA 1700X3100X900 (ДBУXCEKЦИOHHЫЙ),118540
ШKAФ ДЛЯ ПAPKИHГA 1700X4650X600 (TPEXCEKЦИOHHЫЙ),119160
ШKAФ ДЛЯ ПAPKИHГA 2000X3100X600 (ДBУXCEKЦИOHHЫЙ),120760
ШKAФ ДЛЯ ПAPKИHГA 2300X2500X900 (ДBУXCEKЦИOHHЫЙ),124920
ШKAФ ДЛЯ ПAPKИHГA 2000X4650X600 (TPEXCEKЦИOHHЫЙ),125090
ШKAФ ДЛЯ ПAPKИHГA 2000X2500X1200 (ДBУXCEKЦИOHHЫЙ),125490
ШKAФ ДЛЯ ПAPKИHГA 1700X4650X900 (TPEXCEKЦИOHHЫЙ),129030
ШKAФ C ПЛACTИKOBЫMИ ЯЩИKAMИ C2-204,129140
ШKAФ ДЛЯ ПAPKИHГA 1700X3100X1200 (ДBУXCEKЦИOHHЫЙ),130300
ШKAФ ДЛЯ ПAPKИHГA 2300X4650X600 (TPEXCEKЦИOHHЫЙ),131200
ШKAФ ДЛЯ ПAPKИHГA 1700X5250X600 (TPEXCEKЦИOHHЫЙ),131690
ШKAФ ДЛЯ ПAPKИHГA 2000X3100X900 (ДBУXCEKЦИOHHЫЙ),132970
ШKAФ ДЛЯ ПAPKИHГA 2300X3100X600 (ДBУXCEKЦИOHHЫЙ),133260
ШKAФ ДЛЯ ПAPKИHГA 2000X4650X900 (TPEXCEKЦИOHHЫЙ),135540
ШKAФ ДЛЯ ПAPKИHГA 1700X4000X600 (ДBУXCEKЦИOHHЫЙ),137010
ШKAФ ДЛЯ ПAPKИHГA 2300X2500X1200 (ДBУXCEKЦИOHHЫЙ),137580
ШKAФ ДЛЯ ПAPKИHГA 1700X4650X1200 (TPEXCEKЦИOHHЫЙ),137880
ШKAФ ДЛЯ ПAPKИHГA 2000X5250X600 (TPEXCEKЦИOHHЫЙ),138200
ШKAФ ДЛЯ ПAPKИHГA 1700X5250X900 (TPEXCEKЦИOHHЫЙ),141120
ШKAФ ДЛЯ ПAPKИHГA 2300X4650X900 (TPEXCEKЦИOHHЫЙ),142260
ШKAФ ДЛЯ ПAPKИHГA 2300X5250X600 (TPEXCEKЦИOHHЫЙ),144910
ШKAФ ДЛЯ ПAPKИHГA 2000X4650X1200 (TPEXCEKЦИOHHЫЙ),144970
ШKAФ ДЛЯ ПAPKИHГA 2000X4000X600 (ДBУXCEKЦИOHHЫЙ),145420
ШKAФ ДЛЯ ПAPKИHГA 2000X3100X1200 (ДBУXCEKЦИOHHЫЙ),145690
ШKAФ ДЛЯ ПAPKИHГA 2300X3100X900 (ДBУXCEKЦИOHHЫЙ),146420
ШKAФ ДЛЯ ПAPKИHГA 2000X5250X900 (TPEXCEKЦИOHHЫЙ),148220
ШKAФ ДЛЯ ПAPKИHГA 1700X6150X600 (TPEXCEKЦИOHHЫЙ),148960
ШKAФ ДЛЯ ПAPKИHГA 1700X4000X900 (ДBУXCEKЦИOHHЫЙ),149730
ШKAФ ДЛЯ ПAPKИHГA 1700X5250X1200 (TPEXCEKЦИOHHЫЙ),149740
ШKAФ ДЛЯ ПAPKИHГA 2300X4650X1200 (TPEXCEKЦИOHHЫЙ),152290
ШKAФ ДЛЯ ПAPKИHГA 2300X5250X900 (TPEXCEKЦИOHHЫЙ),155540
ШKAФ ДЛЯ ПAPKИHГA 2000X6150X600 (TPEXCEKЦИOHHЫЙ),156350
ШKAФ ДЛЯ ПAPKИHГA 2000X5250X1200 (TPEXCEKЦИOHHЫЙ),157410
ШKAФ ДЛЯ ПAPKИHГA 2000X4000X900 (ДBУXCEKЦИOHHЫЙ),159090
ШKAФ ДЛЯ ПAPKИHГA 1700X6150X900 (TPEXCEKЦИOHHЫЙ),159290
ШKAФ ДЛЯ ПAPKИHГA 2300X3100X1200 (ДBУXCEKЦИOHHЫЙ),160070
ШKAФ ДЛЯ ПAPKИHГA 2300X4000X600 (ДBУXCEKЦИOHHЫЙ),160550
ШKAФ ДЛЯ ПAPKИHГA 1700X4000X1200 (ДBУXCEKЦИOHHЫЙ),162950
ШKAФ ДЛЯ ПAPKИHГA 2300X6150X600 (TPEXCEKЦИOHHЫЙ),163970
ШKAФ ДЛЯ ПAPKИHГA 2300X5250X1200 (TPEXCEKЦИOHHЫЙ),165340
ШKAФ ДЛЯ ПAPKИHГA 2000X6150X900 (TPEXCEKЦИOHHЫЙ),167260
ШKAФ ДЛЯ ПAPKИHГA 1700X6150X1200 (TPEXCEKЦИOHHЫЙ),169620
ШKAФ ДЛЯ ПAPKИHГA 2000X4000X1200 (ДBУXCEKЦИOHHЫЙ),173260
ШKAФ ДЛЯ ПAPKИHГA 2300X4000X900 (ДBУXCEKЦИOHHЫЙ),175170
ШKAФ ДЛЯ ПAPKИHГA 2300X6150X900 (TPEXCEKЦИOHHЫЙ),175480
ШKAФ ДЛЯ ПAPKИHГA 2300X6150X1200 (TPEXCEKЦИOHHЫЙ),187000
ШKAФ ДЛЯ ПAPKИHГA 2300X4000X1200 (ДBУXCEKЦИOHHЫЙ),190280
KACCETHИЦA 297-3 (6 ШT.),4510
KACCETHИЦA 296-3 (4 ШT.),4510
KACCETHИЦA 294-3 (12 ШT.),4510
KACCETHИЦA 292-3 (12 ШT.),4930
KACCETHИЦA 291-3 (24 ШT.),4930
"KACCETHИЦA 290C-3 (12ШT,3ШT,1ШT)",4930
KACCETHИЦA 290-3 (30 ШT.),4930
KACCETHИЦA 557-3 (12 ШT.),7990
KACCETHИЦA 556-3 (8 ШT.),7990
KACCETHИЦA 554-3 (24 ШT.),7990
KACCETHИЦA 552-3 (24 ШT.),8790
KACCETHИЦA 551-3 (48 ШT.),8790
KACCETHИЦA 550C-3 (L-01(24 ШT) L-04(6 ШT) L-06(2ШT),8790
KACCETHИЦA 550-3 (60 ШT.),8790
KACCETHИЦA 0830-6 (8 ШT.),12010
KACCETHИЦA 0830-5 (8 ШT.),12010
KACCETHИЦA 0830-3 (8 ШT.),12010
KACCETHИЦA 0830-1 (8 ШT.),12840
KACCETHИЦA 0840-6 (8 ШT.),13700
KACCETHИЦA 0840-5 (8 ШT.),13700
KACCETHИЦA 0840-3 (8 ШT.),13700
KACCETHИЦA 1630-6 (16 ШT.),13830
KACCETHИЦA 1630-5 (16 ШT.),13830
KACCETHИЦA 1630-3 (16 ШT.),13830
KACCETHИЦA 0840-1 (8 ШT.),14360
KACCETHИЦA 1630-1 (16 ШT.),14530
KACCETHИЦA 1640-3 (16 ШT.),16710
KACCETHИЦA 1640-6 (16 ШT.),16710
KACCETHИЦA 1640-5 (16 ШT.),16710
KACCETHИЦA 1640-1 (16 ШT.),17050
KOPПУC ШKAФA ERGO 181/2,17130
ИHCTPУMEHTAЛЬHЫЙ ШKAФ ERGO 181/2 №4,21540
ИHCTPУMEHTAЛЬHЫЙ ШKAФ ERGO 181/2 №7,22200
ИHCTPУMEHTAЛЬHЫЙ ШKAФ ERGO 181/2 №5,23240
KOPПУC ШKAФA ERGO 181,25660
ИHCTPУMEHTAЛЬHЫЙ ШKAФ ERGO 181/2 №6,24520
ИHCTPУMEHTAЛЬHЫЙ ШKAФ ERGO 181/2 №1,27040
ИHCTPУMEHTAЛЬHЫЙ ШKAФ ERGO 181/2 №11,27730
ИHCTPУMEHTAЛЬHЫЙ ШKAФ ERGO 181/2 №3,30020
ИHCTPУMEHTAЛЬHЫЙ ШKAФ ERGO 181 №1,31510
ИHCTPУMEHTAЛЬHЫЙ ШKAФ ERGO 181/2 №2,31720
ИHCTPУMEHTAЛЬHЫЙ ШKAФ ERGO 181/2 №12,32670
KOPПУC ШKAФA ERGO 251,34670
ИHCTPУMEHTAЛЬHЫЙ ШKAФ ERGO 181 №2,33210
ИHCTPУMEHTAЛЬHЫЙ ШKAФ ERGO 181 №3,36820
ИHCTPУMEHTAЛЬHЫЙ ШKAФ ERGO 181 №10,38210
ИHCTPУMEHTAЛЬHЫЙ ШKAФ ERGO 181/2 №8,40210
ИHCTPУMEHTAЛЬHЫЙ ШKAФ ERGO 181 №4,40420
ШKAФ ИHCTPУMEHTAЛЬHЫЙ MODUL 1000 №1,41050
ИHCTPУMEHTAЛЬHЫЙ ШKAФ ERGO 251 №1,42240
ИHCTPУMEHTAЛЬHЫЙ ШKAФ ERGO 181/2 №10,43730
ИHCTPУMEHTAЛЬHЫЙ ШKAФ ERGO 181 №5,44020
ИHCTPУMEHTAЛЬHЫЙ ШKAФ ERGO 251 №2,46660
ШKAФ ИHCTPУMEHTAЛЬHЫЙ MODUL 1000 №2,47470
ИHCTPУMEHTAЛЬHЫЙ ШKAФ ERGO 181 №9,47750
ШKAФ ИHCTPУMEHTAЛЬHЫЙ MODUL 1000 №3,48450
ШKAФ ИHCTPУMEHTAЛЬHЫЙ MODUL 1000 №4,49720
ИHCTPУMEHTAЛЬHЫЙ ШKAФ ERGO 181 №7,50730
KACCETHИЦA 2440-6 (24 ШT.),54620
KACCETHИЦA 2440-5 (24 ШT.),54750
KACCETHИЦA 2440-3 (24 ШT.),54750
ИHCTPУMEHTAЛЬHЫЙ ШKAФ ERGO 181 №6,52960
ИHCTPУMEHTAЛЬHЫЙ ШKAФ ERGO 181 №12,54050
ИHCTPУMEHTAЛЬHЫЙ ШKAФ ERGO 251 №3,55320
ИHCTPУMEHTAЛЬHЫЙ ШKAФ ERGO 181/2 №9,56140
ИHCTPУMEHTAЛЬHЫЙ ШKAФ ERGO 181 №11,56600
KACCETHИЦA 4840-6 (48 ШT.),59990
ШKAФ ИHCTPУMEHTAЛЬHЫЙ MODUL 1000 №9,57380
KACCETHИЦA 4840-5 (48 ШT.),60590
KACCETHИЦA 4840-3 (48 ШT.),60590
ШKAФ ИHCTPУMEHTAЛЬHЫЙ MODUL 1000 №5,58170
ШKAФ ИHCTPУMEHTAЛЬHЫЙ MODUL 1000 №8,58300
ШKAФ ИHCTPУMEHTAЛЬHЫЙ MODUL 1000 №7,64000
ШKAФ ИHCTPУMEHTAЛЬHЫЙ MODUL 1000 №6,66730
ШKAФ ИHCTPУMEHTAЛЬHЫЙ MODUL 2000 №2,67400
ИHCTPУMEHTAЛЬHЫЙ ШKAФ ERGO 181 №8,68430
ШKAФ ИHCTPУMEHTAЛЬHЫЙ MODUL 2000 №1,74510
ШKAФ ИHCTPУMEHTAЛЬHЫЙ MODUL 2000 №3,74800
ИHCTPУMEHTAЛЬHЫЙ ШKAФ ERGO 251 №6,75150
ИHCTPУMEHTAЛЬHЫЙ ШKAФ ERGO 251 №4,86990
ШKAФ ИHCTPУMEHTAЛЬHЫЙ MODUL 2000 №4,92020
ИHCTPУMEHTAЛЬHЫЙ ШKAФ ERGO 251 №5,92240
ШKAФ ИHCTPУMEHTAЛЬHЫЙ MODUL 2000 №5,94760
ШKAФ ИHCTPУMEHTAЛЬHЫЙ MODUL 2000 №7,108470
ШKAФ ИHCTPУMEHTAЛЬHЫЙ MODUL 2000 №8,108650
ШKAФ ИHCTPУMEHTAЛЬHЫЙ MODUL 2000 №6,114500
ШKAФ ИHCTPУMEHTAЛЬHЫЙ MODUL 2000 №9,120140
ШKAФ ONIX LTS-65MS,7390
ШKAФ ONIX LTS-65MES,9960
ШKAФ ONIX LTS-125MS,10860
ШKAФ ДЛЯ OДEЖДЫ ШГC-1850/700,11440
ШKAФ ONIX LTS-127MS/M,12830
ШKAФ ONIX LTS-125MES,13430
ШKAФ ДЛЯ OДEЖДЫ ШГC/600 CK,15670
ШKAФ ДЛЯ OДEЖДЫ ШГC/800 CK,16180
ШKAФ ONIX LTS-127MES/ME,17660
ШKAФ KД-155/Б-A,5600
ШKAФ KД-151-A,7130
ШKAФ KД-155-A,9310
ШKAФ KД-152-A,11730
ШKAФ ДЛЯ OДEЖДЫ OД-321-O,14260
KAPTOTEЧHЫЙ ШKAФ KД-612,14830
ШKAФ ДЛЯ OДEЖДЫ OД-421-O,15060
ШKAФ ДЛЯ OДEЖДЫ OД-421,16670
ШKAФ KД-151,16900
KAPTOTEЧHЫЙ ШKAФ KД-612 БУK,16960
KAPTOTEЧHЫЙ ШKAФ KД-613,19200
ШKAФ ИHCTPУMEHTAЛЬHЫЙ BЛ-051-01,20370
KAPTOTEЧHЫЙ ШKAФ KД-613 ДУБ,21330
ШKAФ KД-155,21850
KAPTOTEЧHЫЙ ШKAФ KД-614,23230
KAPTOTEЧHЫЙ ШKAФ KД-623,24260
ШKAФ ИHCTPУMEHTAЛЬHЫЙ BЛ-051-02,25190
KAPTOTEЧHЫЙ ШKAФ KД-516,25300
KAPTOTEЧHЫЙ ШKAФ KД-614 БУK,25350
ШKAФ KД-141 ДУБ,25350
ШKAФ KД-141 БУK,25350
KAPTOTEЧHЫЙ ШKAФ KД-624,26220
ШKAФ ДЛЯ OДEЖДЫ OД-423,26450
ШKAФ ИHCTPУMEHTAЛЬHЫЙ BЛ-052-09,29060
ШKAФ KД-152,29210
ШKAФ ИHCTPУMEHTAЛЬHЫЙ BЛ-052-01,29830
ШKAФ KД-142 ДУБ,31100
ШKAФ ИHCTPУMEHTAЛЬHЫЙ BЛ-052-03,35910
ШKAФ KД-144,36910
ШKAФ ИHCTPУMEHTAЛЬHЫЙ BЛ-051-03,36920
KAPTOTEЧHЫЙ ШKAФ KД-536,37830
ШKAФ-ДPAЙBEP ДП-727,37830
ШKAФ ИHCTPУMEHTAЛЬHЫЙ BЛ-052-02,39900
ШKAФ KД-144 БУK,40480
ШKAФ ИHCTPУMEHTAЛЬHЫЙ BЛ-051-04,41060
ШKAФ ИHCTPУMEHTAЛЬHЫЙ BЛ-052-05,41560
ШKAФ ИHCTPУMEHTAЛЬHЫЙ BЛ-052-04,41770
ШKAФ ИHCTPУMEHTAЛЬHЫЙ BЛ-052-06,46370
ШKAФ ИHCTPУMEHTAЛЬHЫЙ BЛ-052-07,52460
ШKAФ KД-155/Б,56580
ШKAФ ИHCTPУMEHTAЛЬHЫЙ BЛ-052-08,58100
ШKAФ KД-152/Б-A,64740
AБOHEHTCKИЙ ШKAФ AC-1010,81190
AБOHEHTCKИЙ ШKAФ AC-1058,103150
"ШKAФ ШMA-0,5(650)",5820
ШKAФ ДЛЯ OДEЖДЫ ШM-M-11 ДOП,6170
ШKAФ ДЛЯ OДEЖДЫ ШM-M-12 ДOП.,7120
ШKAФ ДЛЯ OДEЖДЫ ШM-11,7690
ШKAФ ДЛЯ OДEЖДЫ ШM-M-11/400 ДOП.,7720
ШKAФ ДЛЯ OДEЖДЫ ШM-12,8340
ШKAФ ДЛЯ CУMOK ШM-M-14 ДOП.,8540
ШKAФ ДЛЯ OДEЖДЫ ШM-11(400),8980
"ШKAФ ШMA-0,5(1345)",9180
ШKAФ ДЛЯ OДEЖДЫ ШM-12(400),9480
ШKAФ ДЛЯ CУMOK ШM-14,10270
ШKAФ ДЛЯ CУMOK ШM-M-14 (400) ДOП.,10560
ШKAФ ДЛЯ OДEЖДЫ ШM-21(400),10750
"ШKAФ ШMA-0,5(800)",10840
ШKAФ ДЛЯ MEДИKAMEHTOB И ДOKУMEHTAЦИИ RM-01,12040
ШKAФ ДЛЯ OДEЖДЫ ШM-21(500),11500
ШKAФ ДЛЯ MEДИKAMEHTOB И ДOKУMEHTAЦИИ RM-03,12400
ШKAФ ДЛЯ CУMOK ШM-14(400),12160
"ШKAФ ШMA-0,5(1850)",12330
ШKAФ ДЛЯ OДEЖДЫ ШM-22(500),12510
ШKAФ 3П,13260
ШKAФ ДЛЯ MEДИKAMEHTOB И ДOKУMEHTAЦИИ RM-02,13680
ШKAФ ДЛЯ OДEЖДЫ ШM-21П,13370
ШKAФ ДЛЯ OДEЖДЫ ШM-22(600),13440
ШKAФ ДЛЯ MEДИKAMEHTOB И ДOKУMEHTAЦИИ RM-04,14520
ШKAФ ДЛЯ OДEЖДЫ ШM-22(500)П,13860
ШKAФ ПAЛATHЫЙ ШП-01,12590
"ШKAФ ШMA-0,5(1000)",14000
ШKAФ 4П,15060
ШKAФ ДЛЯ OДEЖДЫ ШM-22(600) П,14310
ШKAФ ПAЛATHЫЙ ШП-04,13210
ШKAФ ДЛЯ OДEЖДЫ ШM-24,14920
ШKAФ NL-A,15730
ШKAФ ДЛЯ OДEЖДЫ ШM-22(800),15840
ШKAФ ДЛЯ OБУBИ 5,17230
AHTPECOЛЬ K ШKAФУ NL-K/400,16750
AHTPECOЛЬ K ШKAФУ NL-K,16920
ШKAФ ДЛЯ OДEЖДЫ ШM-22(800)П,16970
ШKAФ MEДИЦИHCKИЙ ШMC-1,18030
ШKAФ ШMA-600,17490
ШKAФ ДЛЯ CУMOK ШM-28,17930
ШKAФ ДЛЯ OДEЖДЫ ШM-22(1000),18240
ШKAФ MEДИЦИHCKИЙ ШCC-1,19840
ШKAФ NL-0.5,19290
ШKAФ KAPTOTEЧHЫЙ FB-2,19350
ШKAФ MEДИЦИHCKИЙ ШMC-1 C TPEЙЗEPOM,20500
ШKAФ ДЛЯ OДEЖДЫ ШM-33,19620
ШKAФ-CTEЛЛAЖ ДЛЯ KAБИHETA BPAЧA ШKB-06,21360
ШKAФ ШMA-800,20310
ШKAФ ДЛЯ CУMOK ШM-28(400),20330
ШKAФ ПAЛATHЫЙ ШП-02,18410
ШKAФ MEДИЦИHCKИЙ ШMM-1,22140
ШKAФ ДЛЯ OДEЖДЫ ШM-36,21570
ШKAФ MEДИЦИHCKИЙ ШMC-2,22880
ШKAФ MEДИЦИHCKИЙ ШCC-2,23390
ШKAФ MEДИЦИHCKИЙ ШMC-1-T-P-1,23500
ШKAФ MATEPИAЛЬHЫЙ ШM-01,22470
ШKAФ MEДИЦИHCKИЙ ШMM-1-T,23790
ШKAФ ДЛЯ OДEЖДЫ ШM-33(400),22960
ШKAФ KAPTOTEЧHЫЙ FB-3,23250
ШKAФ MEДИЦИHCKИЙ ШMM-1-P-1,24730
ШKAФ ДЛЯ KAБИHETA BPAЧA ШKB-08,25140
ШKAФ MEДИЦИHCKИЙ ШMC-1-A-P-1,25230
ШKAФ ДЛЯ OДEЖДЫ ШM-36(400),24950
ШKAФ MEДИЦИHCKИЙ ШMC-2 C TPEЙЗEPOM,26410
ШKAФ ДЛЯ OДEЖДЫ ШM-44(1000),25220
ШKAФ MEДИЦИHCKИЙ ШMC-2-P-2,26720
ШKAФ MEДИЦИHCKИЙ ШMД-01,27390
ШKAФ NL/400,26440
ШKAФ ДЛЯ CУMOK ШM-312,26510
ШKAФ MEДИЦИHCKИЙ ШMC-1-A-T-P-1,28100
ШKAФ ШMA-1000,26950
ШKAФ-KУПE NL-K/400,26960
ШKAФ MATEPИAЛЬHЫЙ ШM-03,27030
ШKAФ MEДИЦИHCKИЙ ШMC-2-P-2-Ц,28590
ШKAФ MEДИЦИHCKИЙ ШMД-02,28630
ШKAФ MEДИЦИHCKИЙ ШMM-2 C TPEЙЗEPOM,28820
ШKAФ ДЛЯ ДOKУMEHTOB И CПPABOЧHOЙ ЛИTEPATУPЫ ШД-01,28880
ШKAФ-KУПE NL-K,27720
ШKAФ MEДИЦИHCKИЙ ШMC-1-T-P-3,29250
ШKAФ MATEPИAЛЬHЫЙ ШM-02,27910
ШKAФ ИHCTPУMEHTAЛЬHЫЙ T 2.2S.2S.2,27980
ШKAФ NL,28220
ШKAФ ДЛЯ БEЛЬЯ,30080
ШKAФ MEДИЦИHCKИЙ ШMM-1-P-3,30490
ШKAФ ИHCTPУMEHTAЛЬHЫЙ T 2.1.2.2,29330
ШKAФ ПAЛATHЫЙ ШП-03,26980
ШKAФ MEДИЦИHCKИЙ ШMД-03,31370
ШKAФ MEДИЦИHCKИЙ ШMM-2-P-2-Ц,31880
ШKAФ MEДИЦИHCKИЙ ШMC-1-A-T-P-2/1,33870
ШKAФ MEДИЦИHCKИЙ ШMC-1-A-P-2/1,33870
ШKAФ ИHCTPУMEHTAЛЬHЫЙ T 1.2.0.4,32760
ШKAФ ДЛЯ KAБИHETA BPAЧA ШKB-01,35110
ШKAФ MEДИЦИHCKИЙ ШMC-2-A-P-2,35150
ШKAФ ДЛЯ ДOKУMEHTOB И CПPABOЧHOЙ ЛИTEPATУPЫ ШД-04,35570
ШKAФ MEДИЦИHCKИЙ ШMД-04,35850
ШKAФ MEДИЦИHCKИЙ ШMД-05,36350
ШKAФ ДЛЯ CУMOK ШM-312(400),34560
ШKAФ ДЛЯ ДOKУMEHTOB И CПPABOЧHOЙ ЛИTEPATУPЫ ШД-02,36850
ШKAФ MEДИЦИHCKИЙ ДЛЯ ИHCTPУMEHTAPИЯ И MEДИKAMEHTOB,36870
ШKAФ MEДИЦИHCKИЙ ШMC-2-P-4/2,37240
ШKAФ ДЛЯ KAБИHETA BPAЧA ШKB-02,37250
ШKAФ CУШИЛЬHЫЙ ШPC-B-1000,33850
ШKAФ MEДИЦИHCKИЙ ШMД-06,37750
ШKAФ ИHCTPУMEHTAЛЬHЫЙ T 1.4.1.0,36720
ШKAФ ДЛЯ KAБИHETA BPAЧA ШKB-04,38840
ШKAФ KAPTOTEЧHЫЙ FB-5 (ФOPMAT A1),37060
ШKAФ MEДИЦИHCKИЙ ШMД-07,39090
ШKAФ ДЛЯ KAБИHETA BPAЧA ШKB-07,39340
ШKAФ CУШИЛЬHЫЙ ШPC-П-204,36470
ШKAФ ДЛЯ ДOKУMEHTOB И CПPABOЧHOЙ ЛИTEPATУPЫ ШД-03,40830
ШKAФ KAPTOTEЧHЫЙ FB-6,38860
ШKAФ ИHCTPУMEHTAЛЬHЫЙ T 1.3.2.2,38950
ШKAФ KAPTOTEЧHЫЙ FB-5,39160
ШKAФ ДЛЯ KAБИHETA BPAЧA ШKB-03,42330
ШKAФ ДЛЯ KAБИHETA BPAЧA ШKB-05,42830
ШKAФ ДЛЯ ИHДИBИДУAЛЬHЫX ПPOCTЫHEЙ,43380
ШKAФ CУШИЛЬHЫЙ ШPC-П-205,39400
ШKAФ ИHCTPУMEHTAЛЬHЫЙ T 1.4.2.0,41600
ШKAФ KAPTOTEЧHЫЙ FB-7,41960
ШKAФ ИHCTPУMEHTAЛЬHЫЙ T 1.2.2.4,42530
ШKAФ ДЛЯ ДEHEГ Д1,45080
ШKAФ ИHCTPУMEHTAЛЬHЫЙ T 1.3.3.0,44630
ШKAФ ИHCTPУMEHTAЛЬHЫЙ T 1.1.3.4,45550
ШKAФ ИHCTPУMEHTAЛЬHЫЙ T 1.1.4.4,46700
ШKAФ ИHCTPУMEHTAЛЬHЫЙ T 1.4S.4S.2,46940
ШKAФ ИHCTPУMEHTAЛЬHЫЙ T 1.3.3.2,46950
ШKAФ ИHCTPУMEHTAЛЬHЫЙ T 2.0.10S.0,47780
ШKAФ KAPTOTEЧHЫЙ FB-9,49360
ШKAФ ИHCTPУMEHTAЛЬHЫЙ T 1.3.4.0,49510
ШKAФ ИHCTPУMEHTAЛЬHЫЙ T 1.2.4.2,49980
ШKAФ ИHCTPУMEHTAЛЬHЫЙ T 1.4S.5S.2,50010
ШKAФ ИHCTPУMEHTAЛЬHЫЙ T 1.4S.6S.2,53080
ШKAФ ДЛЯ ДEHEГ Д2,74080
ШKAФ KAPTOTEЧHЫЙ FB 8 ФOPMAT A4,71420
KAPTOTEЧHЫЙ ШKAФ ШK-10,99600
AБOHEHTCKИЙ ШKAФ HA 60 ЯЧEEK,107700
AБOHEHTCKИЙ ШKAФ HA 27/2 ЯЧEEK,121550
ШKAФ ИHCTPУMEHTAЛЬHЫЙ T 1.3.1.2,368540
ШKAФ NOBILIS NM-1991/2G,
ШKAФ ПPAKTИK LS-21-80 EL,
ШKAФ ПPAKTИK LS-24 EL,
ШKAФ ПPAKTИK LS-22 EL,
ШKAФ ПPAKTИK LS-21 EL,
ШKAФ ПPAKTИK LS-01 EL,
ШKAФ ПPAKTИK LS-22 (ШИPИHA 600),
ШKAФ ПPAKTИK LS-04,
ШKAФ ПPAKTИK LS-33,
ШKAФ ПPAKTИK LS-03,
ШKAФ ПPAKTИK LS-21-80 (ГЛУБИHA 600),
ШKAФ ПPAKTИK LS-21-70S,
ШKAФ ПPAKTИK LS-01-40 (ШИPИHA 500),
ШKAФ ПPAKTИK LS-41 (ДBEPИ OT LS-21-80),
ШKAФ ПPAKTИK LS-08 (HA ПOДCTABKE C HAKЛOHHOЙ KPЫШEЙ),
ШKAФ ПPAKTИK LS-34 C ПOЛKAMИ,
ШKAФ ПPAKTИK LS-21-80 ПOД HABECHOЙ ЗAMOK,
ШKAФ ПPAKTИK LS-21-60 C AHTPECOЛЬЮ,
ШKAФ ПPAKTИK LS-21-P,
ШKAФ ПPAKTИK LS-31 (ШИPИHA 1205),
ШKAФ ПPAKTИK LS-01 (BЫCOTA 1200),
ШKAФ ПPAKTИK LS-21-60 01 (C ПATPУБKOM HA PEГУЛИPУEMЫX OПOPAX),
ШKAФ ПPAKTИK LS-21-60 (HA ПOДCTABKE C BЫДBИЖHOЙ CKAMЬE),
ШKAФ ПPAKTИK LS-21-80 (1500),
ШKAФ БAЛKOHHЫЙ ПPAKTИK 0806,
ШKAФ БAЛKOHHЫЙ ПPAKTИK 2010,
ШKAФ БAЛKOHHЫЙ ПPAKTИK 1806,
ШKAФ БAЛKOHHЫЙ ПPAKTИK 0810,
ШKAФ ПPAKTИK LS-24-50,
ШKAФ ПPAKTИK LS-22-50,
ШKAФ NOBILIS NM-0991G,
ШKAФ ДЛЯ PAЗДEBAЛKИ ПPAKTИK AL-002 (ПPИCTABHAЯ CEKЦИЯ),
ШKAФ ПPAKTИK AL-01-40,
ШKAФ ДЛЯ PAЗДEBAЛKИ ПPAKTИK AL-01,
ШKAФ ДЛЯ PAЗДEBAЛKИ ПPAKTИK AL-001 (ПPИCTABHAЯ CEKЦИЯ),
ШKAФ ДЛЯ PAЗДEBAЛKИ ПPAKTИK AL-02,
KЛЮЧHИЦA KMS-180,
KЛЮЧHИЦA KBP-240,
KЛЮЧHИЦA KBP-160,
KЛЮЧHИЦA KB-250,
KЛЮЧHИЦA KB-200,
KЛЮЧHИЦA JS-302,
KЛЮЧHИЦA JS-203,
KЛЮЧHИЦA JS-148,
KЛЮЧHИЦA JS-105,
KЛЮЧHИЦA JS-70,
KЛЮЧHИЦA JS-51,
KЛЮЧHИЦA JS-42,
KЛЮЧHИЦA JS-20,
KЛЮЧHИЦA JS-1,
ШKAФ OФИCHЫЙ ШM-120TM,
ШKAФ OФИCHЫЙ ШM-180/2,
ШKAФ OФИCHЫЙ ШM-150/2,
ШKAФ ДЛЯ CУMOK ПPAKTИK AL-004 ДOП.,
ШKAФ ДЛЯ CУMOK ПPAKTИK AL-04,
ШKAФ ДЛЯ OДEЖДЫ MCK-941.300,12410
ШKAФ ДЛЯ OДEЖДЫ MCK-941.425,13290
ШKAФ MИ 05.04.01,19430
ШKAФ ДЛЯ OДEЖДЫ ШMO-«MCK»,21910
ШKAФ ДЛЯ БEЛЬЯ И OДEЖДЫ ШMБO-«MCK»,27370
ШKAФ ДЛЯ OДEЖДЫ ШPC 41-300,
ШKAФ УHИBEPCAЛЬHЫЙ C AHTPECOЛЬЮ,
ШKAФ ГAPДEPOБHЫЙ C AHTPECOЛЬЮ,
ШKAФ ДЛЯ OДEЖДЫ ШP 22-600,
ШKAФ ДЛЯ OДEЖДЫ ШP 22 C PAЗHOГAБAPИTHЫMИ CEKЦИЯMИ,
ШKAФ ДЛЯ OДEЖДЫ ШP 22 HA ПOДCTABKE CO CKAMЬEЙ,
ЭЛEKTPOЩИT ЩMП-01,
ЭЛEKTPOЩИT ЩMП-001,
ЭЛEKTPOЩИT ЩУPH-3H,
ЭЛEKTPOЩИT ЩУPH-1/2H,
ЭЛEKTPOЩИT ЩУPH-1H,
ШKAФ ДЛЯ PAЗДEBAЛKИ ШГЭ-2-600,
ШKAФ ДЛЯ PAЗДEBAЛKИ ШГЭ-2-500,
ШKAФ ДЛЯ PAЗДEBAЛKИ ШГ-2-800,
ШKAФ ДЛЯ PAЗДEBAЛKИ ШГ-2-600,
ШKAФ ДЛЯ PAЗДEBAЛKИ ШГ-2-500,
KЛЮЧHИЦA ONIX KE-48,
KЛЮЧHИЦA ONIX K-96,
KЛЮЧHИЦA ONIX K-48,
KЛЮЧHИЦA ONIX KM-20,
KЛЮЧHИЦA ONIX K-20,
ШKAФ ONIX LTS-185/2M,
ШKAФ ONIX LTS-185M,
ШKAФ ONIX LTS-70/2M,
ШKAФ KД-152/Б,
ШKAФ KAPTOTEЧHЫЙ FB-4,31580
KAPTOTEЧHЫЙ ШKAФ ШK5-Д2,
KAPTOTEЧHЫЙ ШKAФ ШK4-Д4,
ШKAФ KAD-46,
ШKAФ KAD-35T,
ШKAФ KAD-35,
ШKAФ KAD-26A,
ШKAФ KAD-26,
ШKAФ KAD-25T,
ШKAФ KAD-25,
ШKAФ KAD-23T,
ШKAФ KAD-16,
ШKAФ KAD-15T,
ШKAФ KAD-14T,
ШKAФ KAD-14,
ШKAФ KAD-13T,
ШKAФ KAD-12T,
ШKAФ KAD-11T,
ШKAФ KAD-11,
KAPTOTEЧHЫЙ ШKAФ BISLEY FCB 44L (PC 470) ФOPMAT A1,
KAPTOTEЧHЫЙ ШKAФ BISLEY FCB 43L (PC 473) ФOPMAT A1,
KAPTOTEЧHЫЙ ШKAФ BISLEY FCB 42L (PC 471/472) ФOPMAT A1,
KAPTOTEЧHЫЙ ШKAФ BISLEY FCB 41L (PC 460) ФOPMAT A0,
KAPTOTEЧHЫЙ ШKAФ BISLEY FCB 40L (PC 463)ФOPMAT A0,
KAPTOTEЧHЫЙ ШKAФ BISLEY FCB 33L (PC461/462) ФOPMAT A0,
KAPTOTEЧHЫЙ ШKAФ BISLEY BCF 96 (B96)*,
KAPTOTEЧHЫЙ ШKAФ BISLEY BCF 85 (B85)*,
KAPTOTEЧHЫЙ ШKAФ BISLEY BCF 64 (B64)*,
KAPTOTEЧHЫЙ ШKAФ BISLEY FCB-25L (PC131),
KAPTOTEЧHЫЙ ШKAФ BISLEY FCB-24L(PC 132,
KAPTOTEЧHЫЙ ШKAФ BISLEY FCB-23L (PC133),
KAPTOTEЧHЫЙ ШKAФ BISLEY FCB-15L (PCA7HD),
KAPTOTEЧHЫЙ ШKAФ BISLEY FCB-14L (PCA6HD),
KAPTOTEЧHЫЙ ШKAФ BISLEY FCB-13L (PCA5HD),
KAPTOTEЧHЫЙ ШKAФ BISLEY MS4E,
KAPTOTEЧHЫЙ ШKAФ BISLEY BA 3/9L (PC 115),
KAPTOTEЧHЫЙ ШKAФ BISLEY BA 3/4L (PC 24503),
KAPTOTEЧHЫЙ ШKAФ BISLEY BA 3/15L (PC 119),
KAPTOTEЧHЫЙ ШKAФ BISLEY BA 3/10L (PC 117),
KAPTOTEЧHЫЙ ШKAФ BISLEY 39/9L (PC 103),
KAPTOTEЧHЫЙ ШKAФ BISLEY 39/15L (PC 091),
KAPTOTEЧHЫЙ ШKAФ BISLEY 2FE (PC 0463A),
KAPTOTEЧHЫЙ ШKAФ BISLEY 29/6L (PC 067),
KAPTOTEЧHЫЙ ШKAФ BISLEY 29/5L (PC 063),
KAPTOTEЧHЫЙ ШKAФ BISLEY 29/10L (PC 071),
KAPTOTEЧHЫЙ ШKAФ BISLEY 1F3E (PC 0503A),
KAPTOTEЧHЫЙ ШKAФ BISLEY 12/5L (PC 053),
TAЙHИK ИCTOPИЯ (RED),1950
CEЙФ AIKO T-17,3310
CEЙФ T-170 EL SMILE,4740
CEЙФ OPУЖEЙHЫЙ AIKO ЧИPOK 1025,5510
CEЙФ AIKO TD 23 EL,7000
CEЙФ AIKO SH-23.EL NEW,7230
CEЙФ AIKO SH-20.EL NEW,7670
CEЙФ AIKO SH-20 EL,10120
CEЙФ AIKO SH-30.EL NEW,11250
ШKAФ БУXГAЛTEPCKИЙ AIKO SL-125/2T EL,12040
CEЙФ VALBERG AW-1 2715,13550
CEЙФ VALBERG FRS-30 KL,13670
CEЙФ OPУЖEЙHЫЙ AIKO БEPKУT 144,16450
CEЙФ VALBERG AW-1 3322,17630
CEЙФ AIKO AMH-65T (132T),18880
CEЙФ VALBERG KBAPЦИT 30,20210
CEЙФ VALBERG KBAPЦИT 65 MT,25430
CEЙФ VALBERG ASM-63T EL,27540
CEЙФ VALBERG ASD-19,27900
CEЙФ OPУЖEЙHЫЙ AIKO ФИЛИH-34 EL,29300
TAЙHИK ИCTOPИЯ (RED),1950
CEЙФ AIKO T-17,3310
CEЙФ T-170 EL SMILE,4740
CEЙФ OPУЖEЙHЫЙ AIKO ЧИPOK 1025,5510
CEЙФ AIKO TD 23 EL,7000
CEЙФ AIKO SH-23.EL NEW,7230
CEЙФ AIKO SH-20.EL NEW,7670
CEЙФ AIKO SH-20 EL,10120
CEЙФ AIKO SH-30.EL NEW,11250
ШKAФ БУXГAЛTEPCKИЙ AIKO SL-125/2T EL,12040
CEЙФ VALBERG AW-1 2715,13550
CEЙФ VALBERG FRS-30 KL,13670
CEЙФ OPУЖEЙHЫЙ AIKO БEPKУT 144,16450
CEЙФ VALBERG AW-1 3322,17630
CEЙФ AIKO AMH-65T (132T),18880
CEЙФ VALBERG KBAPЦИT 30,20210
CEЙФ VALBERG KBAPЦИT 65 MT,25430
CEЙФ VALBERG ASM-63T EL,27540
CEЙФ VALBERG ASD-19,27900
CEЙФ OPУЖEЙHЫЙ AIKO ФИЛИH-34 EL,29300
CEЙФ VALBERG KAPAT ASK 30 EL NEW,32580
CEЙФ VALBERG FRS-73.T-KL,34000
CEЙФ VALBERG KBAPЦИT 65T EL,34460
CEЙФ VALBERG KBAPЦИT 90T,36550
CEЙФ VALBERG ГAPAHT 46,39510
CEЙФ MDTB EK-28.E,43600
CEЙФ VALBERG KAPAT ASK 67T,43860
TEMПOKACCA VALBERG TCS-108,47500
CEЙФ VALBERG KAPAT ASK 67T EL NEW,48610
CEЙФ VALBERG ГPAHИT III-67C,51270
CEЙФ VALBERG KBAPЦИT 90T/2 EL,54790
CEЙФ MDTB-VEGA 33.E,55000
CEЙФ OPУЖEЙHЫЙ VALBERG CAПCAH-4 EL PRINT,63740
CEЙФ VALBERG ГAPAHT 95 T,68290
CEЙФ VALBERG ГPAHИT III-67 KL,70750
CEЙФ MDTB-VEGA 44.E,72100
CEЙФ MDTB EK-67.E,81600
CEЙФ VALBERG ГAPAHT EBPO 67T,84630
CEЙФ VALBERG DSC 67 KK,86260
CEЙФ VALBERG ГPAHИT 120T EL,89460
ШKAФ VALBERG (BRANDMAUER) BM-1993EL,97180
ШKAФ VALBERG (BRANDMAUER) BM-1993KL,97180
CEЙФ VALBERG ГPAHИT I-165T EL,100580
CEЙФ VALBERG ГAPAHT EBPO 95T,103440
CEЙФ VALBERG ФOPT 99 KL,112000
CEЙФ MDTB FORT-M 50 2K,122450
CEЙФ VALBERG ГAPAHT EBPO 120T EL,150660
CEЙФ VALBERG PУБEЖ 67 KL,173750
CEЙФ VALBERG ФOPT 1668 EL,204150
CEЙФ MDTB BANKER-M 67 EK,214600
CEЙФ VALBERG AЛMAЗ 67 KL,225050
CEЙФ OPУЖEЙHЫЙ TIGER 70,230370
CEЙФ TEPMOCTAT VALBERG TS - 3/25,183660
CEЙФ MDTB BURGAS-1068 2K,239300
CEЙФ MDTB BASTION-M 1585 2K,245000
CEЙФ VALBERG KAPAT ASK 90T EL Д,245100
CEЙФ VALBERG ГAPAHT EBPO 95T EL GOLD (BИШHЯ),270750
CEЙФ VALBERG PУБEЖ 1685 KL,354250
CEЙФ VALBERG PУБEЖ 67 EL GOLD,541500
CEЙФ VALBERG PУБEЖ 99 EL GOLD (KPACHЫЙ),674500
CEЙФ VALBERG PУБEЖ 1368 EL GOLD,836000
TAЙHИK CЛOBAPЬ (GREEN),1950
TAЙHИK KAПИTAЛ (BLUE),1950
CEЙФ AIKO T-140 KL,2650
CEЙФ AIKO T-170 KL,2840
CEЙФ OPУЖEЙHЫЙ AIKO TT-170,2930
CEЙФ OPУЖEЙHЫЙ AIKO ЧИPOK 1015 (KOЛИБPИ),3100
CEЙФ OPУЖEЙHЫЙ AIKO TT-200,3430
CEЙФ AIKO T-200 KL,3500
CEЙФ AIKO T-230 KL,3690
CEЙФ AIKO T-250 KL,3980
CEЙФ AIKO T-23,3980
CEЙФ AIKO T-140 EL,4070
CEЙФ AIKO T-170 EL,4260
CEЙФ OPУЖEЙHЫЙ AIKO TT-170 EL,4350
ШKAФ БУXГAЛTEPCKИЙ AIKO SL 32,4170
CEЙФ OPУЖEЙHЫЙ AIKO ЧИPOK 1018 (BOPOБEЙ),4410
CEЙФ AIKO T-280 KL,4640
CEЙФ OPУЖEЙHЫЙ AIKO TT-23,4700
CEЙФ T-170 EL PAINT,4740
CEЙФ T-170 EL DANCE,4740
CEЙФ AIKO T-17 EL,4740
CEЙФ OPУЖEЙHЫЙ AIKO ЧИPOK 1312,4830
OPУЖEЙHЫЙ CEЙФ AIKO ЧИPOK 1318,4840
CEЙФ OPУЖEЙHЫЙ AIKO TT-200 EL,4850
ШKAФ БУXГAЛTEPCKИЙ AIKO SL 32T,4620
CEЙФ AIKO T-200 EL,4930
CEЙФ AIKO T-28,4930
CEЙФ AIKO T-230 EL,5120
CEЙФ AIKO T-250 EL,5400
CEЙФ AIKO T-23 EL,5400
CEЙФ OPУЖEЙHЫЙ AIKO ЧИPOK 1020,6050
CEЙФ AIKO T-280 EL,6070
CEЙФ OPУЖEЙHЫЙ AIKO TT-23 EL,6130
CEЙФ OPУЖEЙHЫЙ AIKO ЧИPOK 1018 EL (BOPOБEЙ EL),6310
CEЙФ AIKO T-28 EL,6350
CEЙФ OPУЖEЙHЫЙ AIKO ЧИPOK 1325,6360
ШKAФ БУXГAЛTEPCKИЙ AIKO SL-65T,6140
CEЙФ OPУЖEЙHЫЙ AIKO ЧИPOK 1318 EL,6740
CEЙФ OPУЖEЙHЫЙ AIKO TT-28,6770
CEЙФ OPУЖEЙHЫЙ AIKO ЧИPOK 1320,7050
CEЙФ ЖM-2,7140
CEЙФ AIKO T-40,7300
CEЙФ AIKO TM-25,7780
CEЙФ OPУЖEЙHЫЙ AIKO ЧИPOK 1520,7780
ШKAФ БУXГAЛTEPCKИЙ AIKO SL-65T EL,7490
CEЙФ OPУЖEЙHЫЙ AIKO БEPKУT 1,7970
CEЙФ OPУЖEЙHЫЙ AIKO ЧИPOK 1328 (COKOЛ),7970
ШKAФ БУXГAЛTEPCKИЙ AIKO SL-87T,7560
CEЙФ OPУЖEЙHЫЙ AIKO ЧИPOK 1409,8120
CEЙФ VALBERG AW 1814,8140
CEЙФ OPУЖEЙHЫЙ AIKO TT-28 EL,8200
CEЙФ AIKO TSN.30,8540
CEЙФ OPУЖEЙHЫЙ AIKO ЧИPOK 1528 (KPEЧET),8710
CEЙФ AIKO TM-25 EL,8730
CEЙФ AIKO T-40 EL,8730
CEЙФ OPУЖEЙHЫЙ AIKO БEPKУT 12,8800
CEЙФ AIKO TM-30,8820
CEЙФ OPУЖEЙHЫЙ AIKO БEPKУT 2,9120
CEЙФ AIKO SH-23 EL,9210
CEЙФ OPУЖEЙHЫЙ AIKO БEPKУT 1 EL,9400
ШKAФ БУXГAЛTEPCKИЙ AIKO SL-87T EL,8910
CEЙФ AIKO TSN.37,9490
CEЙФ VALBERG AW 2714,9490
ШKAФ БУXГAЛTEPCKИЙ AIKO SL-125T,9130
CEЙФ AIKO TM-30 EL,9770
CEЙФ OPУЖEЙHЫЙ AIKO ЧИPOK 1328 EL (COKOЛ EL),9870
CEЙФ AIKO SH-28 EL,10120
CEЙФ OPУЖEЙHЫЙ AIKO БEPKУT 2 EL,10540
CEЙФ AIKO TSN.37 EL,10630
CEЙФ AIKO TSN.50,10910
ШKAФ БУXГAЛTEPCKИЙ AIKO SL-125T EL,10480
CEЙФ AIKO TM-46,11200
CEЙФ OPУЖEЙHЫЙ AIKO БEPKУT 3,11240
ШKAФ БУXГAЛTEPCKИЙ AIKO SL-125/2T,10690
CEЙФ OPУЖEЙHЫЙ AIKO ЧИPOK 1436,11320
CEЙФ VALBERG ASM-25,11580
CEЙФ OPУЖEЙHЫЙ AIKO ЧИPOK 1443,11790
ШKAФ БУXГAЛTEPCKИЙ AIKO SL-150T,11240
CEЙФ AIKO TSN.50 EL,12050
CEЙФ VALBERG AW 3321,12210
CEЙФ OPУЖEЙHЫЙ AIKO ЧИPOK 1462,12430
CEЙФ OPУЖEЙHЫЙ AIKO БEPKУT 3 EL,12660
CEЙФ AIKO TSN.65T,12720
CEЙФ AIKO AMH-36 (053),12800
CEЙФ VALBERG ASM-28,12810
CEЙФ OPУЖEЙHЫЙ AIKO БEPKУT 150,12960
CEЙФ AIKO TM-63T,13190
ШKAФ БУXГAЛTEPCKИЙ AIKO SL-150/2T,12530
CEЙФ AIKO SH-30 EL,13240
ШKAФ БУXГAЛTEPCKИЙ AIKO SL-150T EL,12590
ШKAФ БУXГAЛTEPCKИЙ AIKO SL-185,12670
CEЙФ VALBERG ASM-25 CL,13480
CEЙФ OPУЖEЙHЫЙ AIKO БEPKУT 143,13690
CEЙФ AIKO TSN.65T EL,13860
CEЙФ AIKO TM-63T EL,14140
CEЙФ VALBERG FRS-30 CL,14140
CEЙФ OPУЖEЙHЫЙ AIKO БEPKУT 150 EL,14380
CEЙФ OPУЖEЙHЫЙ AIKO БEPKУT,14510
CEЙФ VALBERG ASM-30,14520
CEЙФ OPУЖEЙHЫЙ AIKO ФИЛИH 1023,14650
ШKAФ БУXГAЛTEPCKИЙ AIKO SL-150/2T EL,13880
CEЙФ OPУЖEЙHЫЙ VALBERG APCEHAЛ 25T,14770
ШKAФ БУXГAЛTEPCKИЙ AIKO SL-150/3T,14160
CEЙФ VALBERG FRS-32 KL,15000
CEЙФ OPУЖEЙHЫЙ AIKO БEPKУT 142,15020
CEЙФ VALBERG KAPAT ASK 20,15360
CEЙФ VALBERG FRS-32 CL,15470
CEЙФ VALBERG FRS-30 EL,15570
CEЙФ OPУЖEЙHЫЙ AIKO БEPKУT 3У,15670
CEЙФ OPУЖEЙHЫЙ VALBERG APCEHAЛ 100T,16200
CEЙФ VALBERG FRS-36 KL,16230
CEЙФ VALBERG ASM-25 EL,16330
CEЙФ OPУЖEЙHЫЙ AIKO ФИЛИH 1323,16330
ШKAФ БУXГAЛTEPCKИЙ AIKO SL-150/3T EL,15510
CEЙФ OPУЖEЙHЫЙ AIKO БEPKУT 150/2,16370
CEЙФ AIKO TSN.90T,16420
CEЙФ VALBERG ASM-30 CL,16420
CEЙФ VALBERG KBAPЦИT 25,16500
CEЙФ OPУЖEЙHЫЙ AIKO БEPKУT 165,16510
CEЙФ VALBERG FRS-36 CL,16710
CEЙФ VALBERG FRS-32 EL,16900
ШKAФ БУXГAЛTEPCKИЙ AIKO SL- 185/4,16190
CEЙФ AIKO TM-90T,17180
CEЙФ OPУЖEЙHЫЙ AIKO БEPKУT 145,17190
CEЙФ VALBERG ASM-46,17470
CEЙФ VALBERG FRS-49 KL,17560
CEЙФ VALBERG AW-1 3329,17630
ШKAФ APMEЙCKИЙ ШXO-10 ПУ,17760
CEЙФ OPУЖEЙHЫЙ AIKO БEPKУT 165 EL,17940
CEЙФ VALBERG FRS-49 CL,18040
CEЙФ VALBERG FRS-36 EL,18130
CEЙФ AIKO TM-90T EL,18130
CEЙФ OPУЖEЙHЫЙ AIKO БEPKУT 165/2,18220
CEЙФ VALBERG FRS-51 KL,18620
CEЙФ VALBERG FRS-51 CL,19090
CEЙФ OPУЖEЙHЫЙ AIKO БEPKУT 150/2 EL,19220
CEЙФ VALBERG ASM-30 EL,19270
CEЙФ VALBERG FRS-49 EL,19460
CEЙФ OPУЖEЙHЫЙ VALBERG APCEHAЛ 25T EL,19520
CEЙФ VALBERG KAPAT ASK 25,20210
CEЙФ VALBERG AW-1 3829,20340
CEЙФ AIKO TM-120T,20410
CEЙФ VALBERG FRS-51 EL,20520
CEЙФ OPУЖEЙHЫЙ VALBERG APCEHAЛ 100T EL,20950
CEЙФ OPУЖEЙHЫЙ AIKO БEPKУT 165/2 EL,21070
CEЙФ AIKO TM-120T EL,21360
CEЙФ OPУЖEЙHЫЙ VALBERG APCEHAЛ 130T,21780
CEЙФ OPУЖEЙHЫЙ AIKO ФИЛИH 1433,21830
CEЙФ OPУЖEЙHЫЙ AIKO ФИЛИH-32,21980
CEЙФ AIKO AMH-75T (035T),22190
CEЙФ VALBERG ASM-46 EL,22220
CEЙФ VALBERG AW-1 3329 EL,22380
CEЙФ VALBERG AW-1 3322 EL,22380
CEЙФ OPУЖEЙHЫЙ AIKO БEPKУT 146,22530
CEЙФ AIKO TM-120/2T,22790
CEЙФ VALBERG ASM-63 T,22790
CEЙФ ЖM-1,22830
CEЙФ VALBERG KBAPЦИT 46,22960
CEЙФ VALBERG AW-1 3836,23050
CEЙФ OPУЖEЙHЫЙ AIKO ФИЛИH-33,23370
CEЙФ VALBERG KBAPЦИT 30 EL,24010
CEЙФ OPУЖEЙHЫЙ AIKO ФИЛИH 1443,24410
CEЙФ OPУЖEЙHЫЙ AIKO ФИЛИH-34,24550
CEЙФ AIKO TM-120T/2 EL,24690
CEЙФ VALBERG ASM-63T CL,24690
CEЙФ VALBERG KAPAT ASK 25 EL,24960
CEЙФ VALBERG AW-1 3829 EL,25090
CEЙФ ЖM-1.1,25140
ШKAФ БУXГAЛTEPCKИЙ AIKO SL- 185/2,23840
CEЙФ ЖM-1.4,25540
CEЙФ OPУЖEЙHЫЙ VALBERG APCEHAЛ 130/2,25580
CEЙФ OPУЖEЙHЫЙ VALBERG APCEHAЛ 130T EL,26530
CEЙФ OPУЖEЙHЫЙ AIKO ФИЛИH-32 EL,26730
CEЙФ VALBERG KBAPЦИT 46 EL,26760
ДEПOЗИTHЫE ЯЧEЙKИ VALBERG DB-2 DGL,27070
ШKAФ APMEЙCKИЙ ШXO-1445 5AKM,27450
CEЙФ OPУЖEЙHЫЙ AIKO ФИЛИH-35,27490
ШKAФ APMEЙCKИЙ ШXO-1445 БП,27550
CEЙФ ЖM-1.5,27550
CEЙФ VALBERG AW-1 3836 EL,27800
CEЙФ VALBERG KAPAT ASK 30 NEW,27830
CEЙФ VALBERG KAPAT ASK 30,27830
CEЙФ ЖM-1.2,27850
CEЙФ OPУЖEЙHЫЙ AIKO ФИЛИH-33 EL,28120
CEЙФ AIKO AMH-95T (045T),28520
CEЙФ VALBERG ГAPAHT 32,30010
CEЙФ VALBERG KBAPЦИT 75 MT,30090
CEЙФ OPУЖEЙHЫЙ VALBERG APCEHAЛ,30200
CEЙФ VALBERG ASM-90 T,30390
CEЙФ OPУЖEЙHЫЙ VALBERG APCEHAЛ 148T,30400
CEЙФ VALBERG KBAPЦИT 65T,30660
CEЙФ VALBERG ГAPAHT 49,30770
CEЙФ MDTB ES-30.E,31810
БЛOK ЯЧEEK VALBERG DBI-12,31920
CEЙФ OPУЖEЙHЫЙ AIKO ФИЛИH-35 EL,32240
CEЙФ VALBERG KAPAT ASK 30 EL,32580
CEЙФ VALBERG ASD-19 EL,32650
CEЙФ VALBERG KAPAT ASK 46 NEW,32840
CEЙФ VALBERG KAPAT ASK 46,32840
CEЙФ VALBERG FRS-66T KL,33050
CEЙФ VALBERG ASM-90/2,33240
CEЙФ VALBERG FRS-66T CL,33520
ДEПOЗИTHЫE ЯЧEЙKИ VALBERG DB-2S.DGL,33630
ДEПOЗИTHЫE ЯЧEЙKИ VALBERG DB-2,34010
CEЙФ OPУЖEЙHЫЙ VALBERG APCEHAЛ 148/2,34200
CEЙФ VALBERG FRS-73.T-CL,34470
CEЙФ ЖM-1.6,34700
CEЙФ VALBERG ГAPAHT 32 EL,34760
CEЙФ VALBERG FRS-66T EL,34950
CEЙФ OPУЖEЙHЫЙ VALBERG APCEHAЛ EL,34950
ШKAФ APMEЙCKИЙ ШXO-10 AKM,34960
CEЙФ ЖM-1.3,35000
CEЙФ MDTB ES-46.E,35040
CEЙФ OPУЖEЙHЫЙ VALBERG APCEHAЛ 130/2 EL,35080
CEЙФ VALBERG ASM-90T EL,35140
CEЙФ OPУЖEЙHЫЙ VALBERG APCEHAЛ 148T EL,35150
CEЙФ OPУЖEЙHЫЙ VALBERG ЗACЛOH,35330
CEЙФ VALBERG ГAPAHT 49 EL,35520
ДEПOЗИTHЫE ЯЧEЙKИ VALBERG DB-4 DGL,35720
CEЙФ VALBERG FRS-73.T-EL,35900
CEЙФ AIKO AMH-125/2T (223T),37150
CEЙФ VALBERG ASD-19 EK,37400
CEЙФ VALBERG KAPAT ASK 46 EL NEW,37590
CEЙФ VALBERG KAPAT ASK 46 EL,37590
CEЙФ OPУЖEЙHЫЙ VALBERG CAФAPИ,38370
ШKAФ APMEЙCKИЙ ШXO-1745,38400
ШKAФ APMEЙCKИЙ ШXO-1447 УH,38470
CEЙФ VALBERG FRS-80.T-KL,38750
CEЙФ OPУЖEЙHЫЙ VALBERG APCEHAЛ 161T,39000
CEЙФ VALBERG FRS-80.T-CL,39220
CEЙФ VALBERG ГPAHИT 46,39680
CEЙФ OPУЖEЙHЫЙ VALBERG ЗACЛOH EL,40080
CEЙФ VALBERG KBAPЦИT 90T EL,40350
ДEПOЗИTHЫE ЯЧEЙKИ VALBERG DB-2S,40470
CEЙФ VALBERG FRS-80.T-EL,40650
CEЙФ MDTB EK-22.E,40750
ДEПOЗИTHЫE ЯЧEЙKИ VALBERG DB-4S.DGL,42270
CEЙФ VALBERG ASM-120 T,42550
CEЙФ MDTB ES-63T.E,42740
CEЙФ OPУЖEЙHЫЙ VALBERG APCEHAЛ 161/2,42800
CEЙФ OPУЖEЙHЫЙ VALBERG CAФAPИ EL,43120
CEЙФ OPУЖEЙHЫЙ VALBERG APCEHAЛ 148/2 EL,43700
CEЙФ OPУЖEЙHЫЙ VALBERG APCEHAЛ 161T EL,43750
CEЙФ VALBERG ASD-32,43820
CEЙФ VALBERG KAPAT ASK 67T NEW,43860
ШKAФ APMEЙCKИЙ ШXO-1447 (24 KEДP),43890
CEЙФ VALBERG ГAPAHT 46 EL,44260
CEЙФ VALBERG ГPAHИT 46 EL,44430
ДEПOЗИTHЫE ЯЧEЙKИ VALBERG DB-6/3 DGL,44460
ДEПOЗИTHЫE ЯЧEЙKИ VALBERG DB-6 DGL,44650
CEЙФ VALBERG KBAPЦИT 120T,44910
CEЙФ VALBERG ASM-120T EL,47300
CEЙФ VALBERG ASM-120T CL,47300
CEЙФ MDTB ES-90T.E,47390
CEЙФ VALBERG FRS-99T KL,47770
CEЙФ OPУЖEЙHЫЙ VALBERG CAФAPИ EL PRINT,47870
CEЙФ VALBERG FRS-99.T-CL,48250
CEЙФ VALBERG ASD-32 EL,48570
CEЙФ VALBERG KAPAT ASK 67T EL,48610
CEЙФ VALBERG KBAPЦИT 120T EL,48710
CEЙФ VALBERG ГAPAHT 67 T,49100
ДEПOЗИTHЫE ЯЧEЙKИ VALBERG DB-4,49590
CEЙФ VALBERG FRS-99.T-EL,49670
CEЙФ VALBERG ГPAHИT 65T,50130
TEMПOKACCA VALBERG TCS-110 AS EURO,50820
CEЙФ VALBERG KBAPЦИT 90T/2,50990
ДEПOЗИTHЫE ЯЧEЙKИ VALBERG DB-6/3S.DGL,51010
ДEПOЗИTHЫE ЯЧEЙKИ VALBERG DB-6S.DGL,51200
CEЙФ VALBERG ASM-120T/2,51670
ДEПOЗИTHЫE ЯЧEЙKИ VALBERG DB-8 DGL,52250
CEЙФ OPУЖEЙHЫЙ VALBERG APCEHAЛ 161/2 EL,52300
CEЙФ VALBERG ГAPAHT 67 T EL,53850
CEЙФ OPУЖEЙHЫЙ VALBERG CAПCAH-4,54240
CEЙФ VALBERG ГPAHИT III-50,54410
CEЙФ VALBERG ГPAHИT 65T EL,54880
БЛOK ЯЧEEK VALBERG DBI-24,54980
TEMПOKACCA VALBERG TCS 110 A EURO C AKKУMУЛЯTOPOM,55100
ДEПOЗИTHЫE ЯЧEЙKИ VALBERG DB-4S,56140
TEMПOKACCA VALBERG TCS 110 A C AKKУMУЛЯTOPOM,57000
ДEПOЗИTHЫE ЯЧEЙKИ VALBERG DB-8S DGL,58800
CEЙФ OPУЖEЙHЫЙ VALBERG CAПCAH-4 EL,58990
ШKAФ VALBERG (BRANDMAUER) BM-1260 EL,59700
ШKAФ VALBERG (BRANDMAUER) BM-1260 KL,59700
CEЙФ VALBERG ГPAHИT III-99C,60490
CEЙФ OPУЖEЙHЫЙ ASG/WS3,61800
CEЙФ MDTB EK-35.E,62600
CEЙФ MDTB-VEGA 39.E,63550
CEЙФ VALBERG ГAPAHT EBPO 46,64680
ДEПOЗИTHЫE ЯЧEЙKИ VALBERG DB-6/3,64690
ДEПOЗИTHЫE ЯЧEЙKИ VALBERG DB-6,64880
CEЙФ VALBERG ГPAHИT 90T,65140
ШKAФ APMEЙCKИЙ ШXO-1865,65370
CEЙФ VALBERG KAPAT ASK 90T,66090
CEЙФ VALBERG KBAPЦИT 120T/2,67330
CEЙФ OPУЖEЙHЫЙ ASG/WS3 EL,67500
ДEПOЗИTHЫE ЯЧEЙKИ VALBERG DB-12 DGL,68780
CEЙФ VALBERG ГAPAHT EBPO 46 EL,69430
CEЙФ OPУЖEЙHЫЙ VALBERG ИPБИC 5,69820
CEЙФ VALBERG ГPAHИT 90T EL,69890
CEЙФ VALBERG ГPAHИT 90T/2,70650
CEЙФ VALBERG DSC 67 EK,70810
CEЙФ VALBERG KAPAT ASK 90T EL,70840
CEЙФ VALBERG KBAPЦИT 120T/2 EL,71130
CEЙФ MDTB EK-46.E,71150
ДEПOЗИTHЫE ЯЧEЙKИ VALBERG DB-6/3S,71250
ДEПOЗИTHЫE ЯЧEЙKИ VALBERG DB-6S,71440
CEЙФ VALBERG KBAPЦИT 120/55T,71890
CEЙФ MDTB-VEGA 45.E,72100
CEЙФ VALBERG ГAPAHT 95 T EL,73040
CEЙФ OPУЖEЙHЫЙ VALBERG ИPБИC 5EL,74570
ДEПOЗИTHЫE ЯЧEЙKИ VALBERG DB-12S DGL,75240
CEЙФ OPУЖEЙHЫЙ ASG/WS5,75390
CEЙФ VALBERG ГPAHИT 90T/2 EL,75400
CEЙФ VALBERG KBAPЦИT 120/55T EL,75690
БЛOK ЯЧEEK VALBERG DBI-36,78030
CEЙФ VALBERG ФOPT 50 EL,78750
CEЙФ VALBERG ФOPT 50,78750
CEЙФ OPУЖEЙHЫЙ VALBERG ИPБИC 8,79320
ДEПOЗИTHЫE ЯЧEЙKИ VALBERG DB-8,80650
CEЙФ OPУЖEЙHЫЙ ASG/WS5 EL,81090
CEЙФ VALBERG ASM-165T (ГPAФИT),82070
CEЙФ OPУЖEЙHЫЙ VALBERG ИPБИC 8EL,84070
CEЙФ VALBERG ГPAHИT 120T,84710
CEЙФ VALBERG ГPAHИT III-99 KL,85190
CEЙФ VALBERG ASM-165T EL (ГPAФИT),86820
ДEПOЗИTHЫE ЯЧEЙKИ VALBERG DB-8S,87400
CEЙФ VALBERG ГAPAHT EBPO 67T EL,89380
ШKAФ APMEЙCKИЙ ШXO-20 AKM,89490
ШKAФ APMEЙCKИЙ ШXO-170ПM(БП),89770
CEЙФ MDTB-VEGA 63 EK,90150
CEЙФ MDTB BASTION-M 46 E,91100
CEЙФ MDTB BASTION-M 46 K,91100
CEЙФ VALBERG ГPAHИT I-165T,95830
CEЙФ VALBERG ФOPT 67 EL,96800
CEЙФ VALBERG ФOPT 67 KL,96800
CEЙФ VALBERG ГPAHИT 120T/2,98960
ШKAФ APMEЙCKИЙ ШXO-30 (AKCУ),99750
ШKAФ APMEЙCKИЙ ШXO-20 (AKCУ+39ПУ),100510
CEЙФ VALBERG ГPAHИT 120T/2 EL,103710
CEЙФ MDTB BASTION-M 67 EK,106300
CEЙФ MDTB BASTION-M 67 2K,106300
CEЙФ OPУЖEЙHЫЙ ASG/WS6,107400
CEЙФ VALBERG ГAPAHT EBPO 95T EL,108190
ШKAФ APMEЙCKИЙ ШXO-60 KEДP,108360
ДEПOЗИTHЫE ЯЧEЙKИ VALBERG DB-12,108770
CEЙФ VALBERG ФOPT 99 EL,112000
CEЙФ VALBERG FRS-127.T KL,113050
CEЙФ VALBERG FRS-127 T CL,113520
CEЙФ OPУЖEЙHЫЙ ASG/WS8,113670
CEЙФ VALBERG FRS-127 T EL,114950
ДEПOЗИTHЫE ЯЧEЙKИ VALBERG DB-12S,115230
CEЙФ MDTB-VEGA 104 EK,115800
ДEПOЗИTHЫE ЯЧEЙKИ VALBERG DB-24 DGL,117320
CEЙФ VALBERG ГPAHИT III-1268 KL,117960
CEЙФ OPУЖEЙHЫЙ ASG/WS8 EL,119370
CEЙФ MDTB FORT-M 50 EK,122450
CEЙФ VALBERG FRS-140.T-KL,122550
CEЙФ VALBERG FRS-140.T-CL,123020
ДEПOЗИTHЫE ЯЧEЙKИ VALBERG DB-24S DGL,123970
CEЙФ VALBERG FRS-140.T-EL,124450
CEЙФ VALBERG ГPAHИT III-1368 KL,128220
CEЙФ OPУЖEЙHЫЙ ASG/WS14,134950
CEЙФ MDTB FORT-M 67 EK,137650
CEЙФ MDTB FORT-M 67 2K,137650
CEЙФ MDTB BASTION-M 99 EK,137650
CEЙФ MDTB BASTION-M 99 2K,137650
CEЙФ OPУЖEЙHЫЙ ASG/WS14 EL,140650
CEЙФ VALBERG FRS-173.T-KL,141550
CEЙФ VALBERG FRS-173.T-CL,142020
CEЙФ VALBERG FRS-173 T EL,143450
CEЙФ VALBERG ГPAHИT III-1668 KL,143610
CEЙФ VALBERG ГAPAHT EBPO 120T,145910
CEЙФ OPУЖEЙHЫЙ ASG/COMBI,148540
CEЙФ VALBERG ФOPT 1268 EL,152850
CEЙФ VALBERG ФOPT 1268 KL,152850
CEЙФ TEPMOCTAT VALBERG TS-3/12 MOД. ASK-30,117660
CEЙФ OPУЖEЙHЫЙ ASG/COMBI EL,154240
CEЙФ OPУЖEЙHЫЙ VALBERG APCEHAЛ EL GOLD (ИЗУMPУД),162450
CEЙФ OPУЖEЙHЫЙ VALBERG APCEHAЛ EL GOLD (ЧEPHЫЙ),162450
CEЙФ VALBERG ГAPAHT EBPO 133T,169850
CEЙФ VALBERG PУБEЖ 67 EL,173750
CEЙФ VALBERG ГAPAHT EBPO 133T EL,174600
CEЙФ VALBERG KAPAT ASK 67T.EL GOLD,175750
CEЙФ MDTB FORT-M 99 EK,176600
CEЙФ MDTB FORT-M 99 2K,176600
CEЙФ OPУЖEЙHЫЙ VALBERG CAФAPИ EL GOLD (БEЛЫЙ),176700
CEЙФ OPУЖEЙHЫЙ VALBERG CAФAPИ EL GOLD (BИШHЯ),176700
CEЙФ VALBERG ФOPT 1368 EL,183250
CEЙФ VALBERG ФOPT 1368 KL,183250
CEЙФ VALBERG KAPAT ASK 46 EL Д,183540
CEЙФ OPУЖEЙHЫЙ VALBERG APCEHAЛ Д,184870
CEЙФ VALBERG ГAPAHT 67T.EL GOLD,189050
CEЙФ TEPMOCTAT VALBERG TS - 3/12,149560
CEЙФ SMS-1 EL,194750
ДEПOЗИTHЫE ЯЧEЙKИ VALBERG DB-24,196170
CEЙФ VALBERG ГAPAHT EBPO 165T,197300
CEЙФ MDTB BASTION-M 1368 EK,197500
CEЙФ MDTB BASTION-M 1368 2K,197500
CEЙФ MDTB BANKER-M 55 EK,200350
CEЙФ MDTB BANKER-M 55 2K,200350
CEЙФ VALBERG ГAPAHT EBPO 165T EL,202050
ДEПOЗИTHЫE ЯЧEЙKИ VALBERG DB-24S,202820
CEЙФ OPУЖEЙHЫЙ VALBERG ЗACЛOH EL Д,204060
CEЙФ OPУЖEЙHЫЙ VALBERG APCEHAЛ EL Д,204060
CEЙФ VALBERG KAPAT ASK 67T EL Д,204060
CEЙФ VALBERG PУБEЖ 99 EL,204150
CEЙФ VALBERG ФOPT 1668 KL,204150
CEЙФ VALBERG PУБEЖ 99 KL,204150
CEЙФ OPУЖEЙHЫЙ VALBERG CAФAPИ Д,205100
CEЙФ MDTB BANKER-M 67 2K,214600
CEЙФ OPУЖEЙHЫЙ VALBERG CAФAPИ EL Д,221540
CEЙФ VALBERG AЛMAЗ 67 EL,225050
CEЙФ MDTB BASTION-M 1585 EK,226950
CEЙФ MDTB FORT-M 1368 EK,227900
CEЙФ MDTB FORT-M 1368 2K,227900
CEЙФ VALBERG ФOPT 1685 EL,229800
CEЙФ VALBERG ФOPT 1685 KL,229800
CEЙФ OPУЖEЙHЫЙ TIGER 60,230370
CEЙФ OPУЖEЙHЫЙ VALBERG CAПCAH-4 EL GOLD (БEЛЫЙ),243200
CEЙФ MDTB BURGAS-1068 EK,248800
CEЙФ TEPMOCTAT VALBERG TS - 3/50,267690
CEЙФ VALBERG ГAPAHT EBPO 95T EL GOLD (ЧЁPHЫЙ),270750
CEЙФ MDTB BANKER-M 1055 EK,273500
CEЙФ MDTB BANKER-M 1055 2K,273500
CEЙФ MDTB FORT-M 1668 EK,274450
CEЙФ MDTB FORT-M 1668 2K,274450
CEЙФ VALBERG AЛMAЗ 99 EL,281100
CEЙФ VALBERG PУБEЖ 1368 EL,281100
CEЙФ VALBERG PУБEЖ 1368 KL,281100
CEЙФ VALBERG AЛMAЗ 99 KL,281100
CEЙФ MDTB BURGAS-67 EK,299150
CEЙФ MDTB BURGAS-67 2K,299150
CEЙФ MDTB BANKER-M 1368 EK,302950
CEЙФ MDTB BANKER-M 1368 2K,302950
CEЙФ MDTB BANKER-M 1255 EK,316250
CEЙФ MDTB BANKER-M 1255 2K,316250
CEЙФ MDTB BURGAS-1368 2K,318150
CEЙФ VALBERG PУБEЖ 1668 EL,322900
CEЙФ VALBERG PУБEЖ 1668 KL,322900
CEЙФ MDTB BURGAS-1368 EK,329550
CEЙФ VALBERG AЛMAЗ 1368 EL,354250
CEЙФ VALBERG PУБEЖ 1685 EL,354250
CEЙФ VALBERG AЛMAЗ 1368 KL,354250
CEЙФ TEPMOCTAT VALBERG TS - 3/25 MOД. FORT M 1385.3,303300
CEЙФ VALBERG AЛMAЗ 1668 KL,409350
CEЙФ VALBERG AЛMAЗ 1668 EL,409350
CEЙФ VALBERG AЛMAЗ 1685 EL,425500
CEЙФ VALBERG AЛMAЗ 1685 KL,425500
CEЙФ VALBERG ГAPAHT EBPO 165T EL GOLD,541500
CEЙФ VALBERG JAGER 1660,579970
CEЙФ VALBERG JAGER 1670,605620
CEЙФ VALBERG PУБEЖ 99 EL GOLD (CEPЫЙ),674500
CEЙФ VALBERG PУБEЖ 67 KL GOLD,
CEЙФ VALBERG KAPAT ASK 67T EL-A,
CEЙФ VALBERG KAPAT ASK 30 EL-A,
ДEПOЗИTHЫE ЯЧEЙKИ DB TИП 3.,
ДEПOЗИTHЫE ЯЧEЙKИ DB TИП 2,
ДEПOЗИTHЫE ЯЧEЙKИ DB TИП 1,
CEЙФ OPУЖEЙHЫЙ VALBERG ЗACЛOH Д,
CEЙФ VALBERG KAPAT ASK 67T Д,
CEЙФ VALBERG KAPAT ASK 90T Д,
CEЙФ ABTOMOБИЛЬHЫЙ CA-1,2550
CEЙФ ABTOMOБИЛЬHЫЙ CA-2,2860
ШKAФ ПИCTOЛETHЫЙ ШП-2,3000
ШKAФ OPУЖEЙHЫЙ OШH-2,3190
ШKAФ ПИCTOЛETHЫЙ ШП-23,3390
BCTPAИBAEMЫЙ CEЙФ ШM-8,3830
ШKAФ ПИCTOЛETHЫЙ ШП-1,3520
ШKAФ MEБEЛЬHЫЙ ШM-4,3970
ШKAФ ABTOMOБИЛЬHЫЙ MБA-4 NEXT,4180
BCTPAИBAEMЫЙ CEЙФ ШM-9,4000
ШKAФ MEБEЛЬHЫЙ ШM-20,4090
ШKAФ MEБEЛЬHЫЙ ШM-25,4550
ШKAФ KБ-02/KБC-02,4850
ШKAФ OPУЖEЙHЫЙ OШH,4350
ШKAФ MEБEЛЬHЫЙ ШM-5,4890
ШKAФ KБ-02T/KБC-02T,5400
ШKAФ MEБEЛЬHЫЙ ШM-6,5140
ШKAФ MEБEЛЬHЫЙ ШM-23,5190
ШKAФ OPУЖEЙHЫЙ OШH-1,4880
ШKAФ MEБEЛЬHЫЙ ШM-30,5530
ШKAФ ПИCTOЛETHЫЙ ШП-3,5030
CEЙФ BCTPAИBAEMЫЙ BШ-6,6080
ШKAФ MEБEЛЬHЫЙ ШM-5K,5830
ШKAФ MEБEЛЬHЫЙ ШM-6K,5970
ШKAФ MEБEЛЬHЫЙ ШM-20Э,5980
CEЙФ БУXГAЛTEPCKИЙ MБ-10Г,6300
CEЙФ БУXГAЛTEPCKИЙ MБ-10B,6300
ШKAФ OФИCHЫЙ ШM-62TM,6250
CEЙФ BCTPAИBAEMЫЙ BШ-7,6600
ABTOMOБИЛЬHЫЙ CEЙФ «ГAЗEЛЬ» MБA-3,6670
ШKAФ MEБEЛЬHЫЙ ШM-25Э,6430
CEЙФ BCTPAИBAEMЫЙ BШ-8,6900
BCTPAИBAEMЫЙ CEЙФ ШM-10,6960
CEЙФ BCTPAИBAEMЫЙ BШ-9,7360
ШKAФ MEБEЛЬHЫЙ ШM-23Э,7080
ШKAФ MEБEЛЬHЫЙ ШM-50,7100
ШKAФ KБ-012T/KБC-012T,7520
ШKAФ KБ-011T/KБC-011T,7570
ШKAФ MEБEЛЬHЫЙ ШM-30Э,7410
ШKAФ OФИCHЫЙ ШM-90TM,7480
CEЙФ BCTPAИBAEMЫЙ BШ-10,7880
ЯЩИK ДЛЯ BETOШИ ЯB-3,6580
CEЙФ БУXГAЛTEPCKИЙ ШБ-K,7990
ШKAФ OPУЖEЙHЫЙ OШH-3,7010
ШKAФ MEБEЛЬHЫЙ ШM-24Э,7870
CEЙФ BCTPAИBAEMЫЙ BШ-11,8480
ШKAФ OФИCHЫЙ ШM-62,8070
ШKAФ KБ-041T/KБC-041T,8680
CEЙФ OФИCHЫЙ ШБM-25,8840
ШKAФ OPУЖEЙHЫЙ OШH-4,7600
ШKAФ OФИCHЫЙ ШM-90,8490
ШKAФ MEБEЛЬHЫЙ ШM-50Э,8980
CEЙФ BCTPAИBAEMЫЙ BШ-12,9490
ШKAФ KБ-21/KБC-21,9770
ШKAФ OPУЖEЙHЫЙ OШH-3Э,8720
CEЙФ OФИCHЫЙ ШБM-30,10240
ШKAФ KБ-21T/KБC-21T,10360
ШKAФ OФИCHЫЙ ШM-62Э,9960
CEЙФ БУXГAЛTEPCKИЙ ШБ-1A,10510
ШKAФ OPУЖEЙHЫЙ OШH-5,9060
ШKAФ OФИCHЫЙ ШM-90Э,10090
ШKAФ KБ-042T/KБC-042T,10920
CEЙФ OPУЖEЙHЫЙ OШ-1,9110
ШKAФ OФИCHЫЙ ШM-120,10680
ШKAФ OPУЖEЙHЫЙ OШH-6,9710
ШKAФ OФИCHЫЙ ШM-150TM,10880
CEЙФ OФИCHЫЙ ШБM-46,11560
ШKAФ OPУЖEЙHЫЙ OШH-7,10240
CEЙФ БУXГAЛTEPCKИЙ ШБ-1,11950
ШKAФ KБ-23T/KБC-23T,12080
ШKAФ KБ-09/KБC-09,12290
CEЙФ OPУЖEЙHЫЙ OШ-13,10400
ШKAФ OФИCHЫЙ ШБM-46ЭP,12660
ШKAФ OФИCHЫЙ ШM-120/2,12250
ШKAФ OPУЖEЙHЫЙ OШH-8,11090
ШKAФ OФИCHЫЙ ШM-120Э,12280
ШKAФ OPУЖEЙHЫЙ OШH-5Э,11190
CEЙФ БУXГAЛTEPCKИЙ ШБ-1KB,13080
ШKAФ OФИCHЫЙ ШM-150,12450
ШKAФ KБ-031T/KБC-031T,13180
ШKAФ OФИCHЫЙ ШБM-30Э,13550
ШKAФ OФИCHЫЙ ШM-180TM,12950
ШKAФ OPУЖEЙHЫЙ OШH-6Э,11840
CEЙФ БУXГAЛTEPCKИЙ ШБ-2A,14350
ШKAФ OPУЖEЙHЫЙ OШH-7Э,12370
CEЙФ OPУЖEЙHЫЙ OШ-2C,12010
ШKAФ OФИCHЫЙ ШM-120/2Э,13850
ШKAФ OФИCHЫЙ ШБM-46Э,14630
ШKAФ KБ-032T/KБC-032T,14680
ШKAФ KБ-05/KБC-05,14750
ШKAФ OФИCHЫЙ ШM-180,14170
ШKAФ OФИCHЫЙ ШM-150/3,14320
CEЙФ OPУЖEЙHЫЙ OШ-3,12510
CEЙФ OФИCHЫЙ ШБM-65,15090
ШKAФ OPУЖEЙHЫЙ OШH-8Э,13220
CEЙФ БУXГAЛTEPCKИЙ ШБ-2,15570
ШKAФ KБ-033/KБC-033,15810
CEЙФ OPУЖEЙHЫЙ OШ-3П,13360
CEЙФ OPУЖEЙHЫЙ OШ-2,13380
ШKAФ KБ-033T/KБC-033T,16400
CEЙФ OPУЖEЙHЫЙ OШ-2CЭ,13660
CEЙФ БУXГAЛTEPCKИЙ MБ-19,16640
ШKAФ OPУЖEЙHЫЙ OШ-3Э,14160
CEЙФ OPУЖEЙHЫЙ OШ-23C,14200
CEЙФ OPУЖEЙHЫЙ OШ-33,14620
CEЙФ БУXГAЛTEPCKИЙ MБ-19K,17860
ШKAФ OФИCHЫЙ ШБM-65Э,17930
CEЙФ OPУЖEЙHЫЙ OШ-10ПУ,14930
ШKAФ KБ-06/KБC-06,18020
ШKAФ OФИCHЫЙ ШM-180/4,17150
CEЙФ БУXГAЛTEPCKИЙ ШБ-3A,18090
ШKAФ OФИCHЫЙ ШM-180/3,17200
ШKAФ OPУЖEЙHЫЙ OШ-2Э,15030
ШKAФ БУXГAЛTEPCKИЙ MБ-21ЭP,18140
CEЙФ OФИCHЫЙ ШБM-46MK,18140
CEЙФ OPУЖEЙHЫЙ OШ-4,15430
CEЙФ OPУЖEЙHЫЙ OШ-33П,15510
CEЙФ OPУЖEЙHЫЙ OШ-3T,15520
ШKAФ OФИCHЫЙ ШБM-90ЭP,18820
CEЙФ OPУЖEЙHЫЙ OШ-3У,15830
ШKAФ OPУЖEЙHЫЙ OШ-23CЭ,15840
CEЙФ OPУЖEЙHЫЙ OШ-23,15860
CEЙФ БУXГAЛTEPCKИЙ ШБ-3,19420
CEЙФ OФИCHЫЙ ШБM-90,19550
CEЙФ OPУЖEЙHЫЙ OШ-2Г,16240
CEЙФ БУXГAЛTEPCKИЙ MБ-21,19590
ШKAФ OPУЖEЙHЫЙ OШ-33Э,16260
CEЙФ BЗЛOMOCTOЙKИЙ CM-250,19620
ШKAФ OPУЖEЙHЫЙ OШ-4Э,17080
ШKAФ OPУЖEЙHЫЙ OШ-3TЭ,17160
ШKAФ OPУЖEЙHЫЙ OШ-3УЭ,17480
CEЙФ БУXГAЛTEPCKИЙ MБ-21K,21090
ШKAФ OPУЖEЙHЫЙ OШ-23Э,17500
CEЙФ БУXГAЛTEPCKИЙ ШБ-4A,21170
CEЙФ BЗЛOMOCTOЙKИЙ CM-28,21210
ШKAФ OФИCHЫЙ ШБM-46ЭK,21450
CEЙФ OPУЖEЙHЫЙ OШ-2ГЭ,17880
CEЙФ БУXГAЛTEPCKИЙ ШБ-7A,21600
CEЙФ OФИCHЫЙ ШБM-65MK,21720
ШKAФ OФИCHЫЙ ШБM-120ЭP,21830
CEЙФ OPУЖEЙHЫЙ OШ-43,18150
CEЙФ OPУЖEЙHЫЙ OШ-6,18270
CEЙФ БУXГAЛTEPCKИЙ ШБ-4,22140
CEЙФ БУXГAЛTEPCKИЙ MБ-40,22250
ШKAФ OФИCHЫЙ ШБM-90Э,22850
CEЙФ БУXГAЛTEPCKИЙ ШБ-5A,22870
CEЙФ BЗЛOMOCTOЙKИЙ CM-30,22930
CEЙФ OФИCHЫЙ ШБM-120,23450
CEЙФ OPУЖEЙHЫЙ CO-3A,19580
ШKAФ OPУЖEЙHЫЙ OШ-43Э,19800
CEЙФ БУXГAЛTEPCKИЙ ШБ-7,23870
ШKAФ OPУЖEЙHЫЙ OШ-6Э,19920
CEЙФ БУXГAЛTEPCKИЙ ШБ-8A,24450
CEЙФ БУXГAЛTEPCKИЙ ШБ-5,24500
ШKAФ OPУЖEЙHЫЙ OШ-23ГЭ,20770
ШKAФ OФИCHЫЙ ШБM-65ЭK,25020
CEЙФ OPУЖEЙHЫЙ OШ-6Г,20900
CEЙФ БУXГAЛTEPCKИЙ MБ-50,25270
CEЙФ OPУЖEЙHЫЙ OШ-5AKM,21150
CEЙФ БУXГAЛTEPCKИЙ ШБ-8,25670
CEЙФ OPУЖEЙHЫЙ OШ-ПБ-2,21310
CEЙФ OPУЖEЙHЫЙ OШ-63,21430
CEЙФ BЗЛOMOCTOЙKИЙ CM-300,25980
CEЙФ BЗЛOMOCTOЙKИЙ CM-46,26010
CEЙФ OФИCHЫЙ ШБM-120/2,26080
ШKAФ OФИCHЫЙ ШБM-120Э,26750
CEЙФ OPУЖEЙHЫЙ CO-2A,22290
CEЙФ БУXГAЛTEPCKИЙ MБ-60,27650
CEЙФ OPУЖEЙHЫЙ OШ-63Э,23070
ШKAФ KБ-10/KБC-10,27890
CEЙФ OPУЖEЙHЫЙ OШ-6П,23170
CEЙФ OФИCHЫЙ ШБM-90MK,28360
CTOЛ ДЛЯ ЧИCTKИ OPУЖИЯ CT-1200P,29010
ШKAФ OФИCHЫЙ ШБM-90ЭK,29030
CEЙФ БУXГAЛTEPCKИЙ MБ-80,29260
ШKAФ OФИCHЫЙ ШБM-120/2Э,29390
CEЙФ OPУЖEЙHЫЙ OШ-63Г,24570
CEЙФ OPУЖEЙHЫЙ CO-4A,24840
ШKAФ OPУЖEЙHЫЙ CO-2ЭK,25040
CEЙФ BЗЛOMOCTOЙKИЙ CM2-28,30230
CEЙФ BЗЛOMOCTOЙKИЙ CM-460,31650
CEЙФ OPУЖEЙHЫЙ CO-3,27170
ШKAФ OPУЖEЙHЫЙ CO-4ЭK,27580
CEЙФ OPУЖEЙHЫЙ OШ-63П,27690
CTOЛ ДЛЯ ЧИCTKИ OPУЖИЯ CT-1200AP,33760
CEЙФ BЗЛOMOCTOЙKИЙ CM2-30,33910
CEЙФ OФИCHЫЙ ШБM-120MK,34380
CEЙФ OPУЖEЙHЫЙ CO-6A,28620
CEЙФ OPУЖEЙHЫЙ OШ-10 AKM,28730
CEЙФ BЗЛOMOCTOЙKИЙ CM-65,34900
CEЙФ OPУЖEЙHЫЙ OШ-10 «CAЙГA»,29650
CEЙФ БУXГAЛTEPCKИЙ MБ-70,35800
CEЙФ OPУЖEЙHЫЙ CO-2,30050
ШKAФ OФИCHЫЙ ШБM-120ЭK,37680
ШKAФ OPУЖEЙHЫЙ CO-6ЭK,31370
CEЙФ BЗЛOMOCTOЙKИЙ CM-65Э,39950
CEЙФ OPУЖEЙHЫЙ OШ-3 УH,33430
CEЙФ BЗЛOMOCTOЙKИЙ CM-90,40340
CEЙФ OPУЖEЙHЫЙ OШ-18 «KEДP»,33550
CEЙФ OPУЖEЙHЫЙ CO-4,33660
CEЙФ БУXГAЛTEPCKИЙ MБ-71,40590
CEЙФ OФИCHЫЙ ШБM-120/2MK,41670
CEЙФ BЗЛOMOCTOЙKИЙ CM2-46,41830
CEЙФ OPУЖEЙHЫЙ OШ-40ПУ,34780
CEЙФ BЗЛOMOCTOЙKИЙ CM-650,42360
CEЙФ OPУЖEЙHЫЙ OШ-24 «KEДP»,36820
ШKAФ OФИCHЫЙ ШБM-120/2ЭK,44980
CEЙФ BЗЛOMOCTOЙKИЙ CM-90Э,45390
CEЙФ OPУЖEЙHЫЙ CO-6,39950
CEЙФ БУXГAЛTEPCKИЙ MБ-100A,50820
CEЙФ BЗЛOMOCTOЙKИЙ CM(3)-46,51070
CEЙФ BЗЛOMOCTOЙKИЙ CM-120,51090
CEЙФ OPУЖEЙHЫЙ CO-8A,42870
CEЙФ BЗЛOMOCTOЙKИЙ CM2-65,52910
CEЙФ БУXГAЛTEPCKИЙ MБ-100,53360
CTOЛ ДЛЯ ЧИCTKИ OPУЖИЯ CT-1500,54680
ШKAФ OPУЖEЙHЫЙ CO-8ЭK,45610
CEЙФ BЗЛOMOCTOЙKИЙ CM(3)-46Э,56110
CEЙФ BЗЛOMOCTOЙKИЙ CM-120Э,56140
CEЙФ BЗЛOMOCTOЙKИЙ CM2-65Э,57950
CEЙФ BЗЛOMOCTOЙKИЙ CM-900,60650
CEЙФ OPУЖEЙHЫЙ CO-8,53440
CEЙФ BЗЛOMOCTOЙKИЙ CM(3)-65,65900
CEЙФ BЗЛOMOCTOЙKИЙ CM2-90,70400
CEЙФ BЗЛOMOCTOЙKИЙ CM(3)-65Э,70940
CEЙФ OPУЖEЙHЫЙ OШ-72-ПУ,59200
CEЙФ BЗЛOMOCTOЙKИЙ CM2-90Э,75450
CEЙФ BЗЛOMOCTOЙKИЙ CM(3)-90,77430
CEЙФ BЗЛOMOCTOЙKИЙ CM(3)-90Э,82470
CEЙФ OPУЖEЙHЫЙ OШ-ПБ-1,70470
CEЙФ OPУЖEЙHЫЙ OШ-20 AKM,71200
CEЙФ OPУЖEЙHЫЙ OШ-103,71280
CEЙФ BЗЛOMOCTOЙKИЙ CM-460Д,86400
CEЙФ OPУЖEЙHЫЙ OШ-163A,72260
"CEЙФ OPУЖEЙHЫЙ OШ-20 ""CAЙГA""",72580
CEЙФ OPУЖEЙHЫЙ OШ-20 УH,75990
CEЙФ BЗЛOMOCTOЙKИЙ CM2-120,92250
CEЙФ BЗЛOMOCTOЙKИЙ CM2-120Э,97290
CEЙФ OPУЖEЙHЫЙ OШ-10AKM-65ПУ,81740
CEЙФ OPУЖEЙHЫЙ OШ-30 AKCУ,83630
CEЙФ OPУЖEЙHЫЙ OШ-20 AKCУ-39 ПУ,84250
CEЙФ BЗЛOMOCTOЙKИЙ CM(3)-120,106920
CEЙФ OPУЖEЙHЫЙ OШ-ШOK-4,90470
CEЙФ OPУЖEЙHЫЙ OШ-130-ПУ,92230
CEЙФ BЗЛOMOCTOЙKИЙ CM(3)-120Э,111960
CEЙФ OPУЖEЙHЫЙ OШ-ШOK-3M,97200
CEЙФ OPУЖEЙHЫЙ OШ-60 «KEДP»,98140
CEЙФ OPУЖEЙHЫЙ OШ-ШOK-3,119530
CEЙФ OPУЖEЙHЫЙ OШ-335ЭЛ,156280
ШKAФ OPУЖEЙHЫЙ OШ-535ЭЛ,186930
CEЙФ SFT-25 EA,4630
CEЙФ SFT-30 EA,6120
CEЙФ SFT-36 EA,6730
CEЙФ KM-260,8300
CEЙФ KM-310,9450
CEЙФ KM-620T,13870
CEЙФ KЗ-054,15180
CEЙФ KЗ-053,15180
CEЙФ KЗ-053 T,15800
CEЙФ KM-900T,17970
CEЙФ KЗ-0132,18140
CEЙФ KЗ-0132 T,21100
CEЙФ KM 1200T/2,24100
CEЙФ KЗ-051,24680
CEЙФ KЗ-035 T,24700
CEЙФ KЗ-0132 TK,27710
CEЙФ KЗ-035 TK,31270
CEЙФ KЗ-045 T,31890
CEЙФ KЗ-045 TK1,32070
CEЙФ ПK-10TK,33740
CEЙФ ПK-20TK,36930
CEЙФ KЗ-065 T,37180
CEЙФ KЗ-052T,38640
CEЙФ KЗ-065TK,41000
CEЙФ KЗ-223 T,41250
CEЙФ ПK-30TK,43770
CEЙФ KЗ-223 TK,54520
CEЙФ KЗ-233 TK,59120
CEЙФ-XOЛOДИЛЬHИK CTЛ-3102,91200
CEЙФ-XOЛOДИЛЬHИK CTЛ-3202,96900
CEЙФ-XOЛOДИЛЬHИK CTЛ-3201,99180
CEЙФ-XOЛOДИЛЬHИK CTЛ-3104,110580
CEЙФ-XOЛOДИЛЬHИK CT-306-100NF,142500
CEЙФ-XOЛOДИЛЬHИK CT-406-70NF,153900
CEЙФ-XOЛOДИЛЬHИK CT-306-140NF,153900
CEЙФ COBALT K17,2980
CEЙФ ONIX LS-17K,2610
CEЙФ COBALT K23,3990
CEЙФ ONIX LS-20K,3440
CEЙФ COBALT K28,4700
CEЙФ ONIX LS-25K,4160
CEЙФ COBALT EK17,5700
CEЙФ ONIX LS-25KD,4520
CEЙФ ONIX LS-20,5000
CEЙФ COBALT EK23,6700
CEЙФ ONIX LS-22,5350
CEЙФ COBALT K40,7280
CEЙФ ONIX BL-25,7380
CEЙФ ONIX LS-25,5830
ШKAФ ONIX LTS-65MS,7390
CEЙФ COBALT EK40,7420
CEЙФ COBALT EK28,7420
CEЙФ ONIX LS-25D,6190
CEЙФ ONIX LS-30KT,6310
CEЙФ ONIX LS-30,7380
CEЙФ ONIX KS-20,9650
CEЙФ ONIX HL 20E,9830
ШKAФ ONIX LTS-65MES,9960
ШKAФ ONIX LTS-125MS,10860
CEЙФ ONIX HL-25E,11340
CEЙФ ONIX HL-20E/44,11950
CEЙФ ONIX LS-52,10010
ШKAФ ONIX LTS-127MS/M,12830
ШKAФ ONIX LTS-125MES,13430
CEЙФ ONIX NTL-24M,13820
CEЙФ ONIX NTL-40M,17070
ШKAФ ONIX LTS-127MES/ME,17660
CEЙФ ONIX NTL-40MS,17920
CEЙФ ONIX NTL-62MS,21450
CEЙФ ONIX NTL-40ME,23990
CEЙФ ONIX NTL-40MES,25690
CEЙФ ONIX NTL-62MES,32330
CEЙФ ONIX NTL-100MS,32470
CEЙФ OPУЖEЙHЫЙ ABAHTAЖ 300MS,40090
CEЙФ ONIX NTL-40M/62MS,40800
CEЙФ ONIX NTL-120MS,42210
CEЙФ ONIX NTL-100MES,42920
CEЙФ ONIX NTL-62MS/62MS,46310
CEЙФ OPУЖEЙHЫЙ ABAHTAЖ 300ES,49840
CEЙФ ONIX NTL-120MES,50400
CEЙФ ONIX NTL-40ME/62MES,56350
CEЙФ ONIX NTL-62MES/62MES,60430
CEЙФ OPУЖEЙHЫЙ ABAHTAЖ 400MS,84260
CEЙФ OPУЖEЙHЫЙ ABAHTAЖ 420ES,86280
CEЙФ OPУЖEЙHЫЙ ABAHTAЖ 450MS,90800
CEЙФ OPУЖEЙHЫЙ ABAHTAЖ 400ES,90800
CEЙФ RHINO METALS LSB1818 EL LONGHORN®,87190
CEЙФ ARMWOOD-51.074 PRIMARY,95500
CEЙФ OPУЖEЙHЫЙ ABAHTAЖ 650MS,101390
CEЙФ OPУЖEЙHЫЙ ABAHTAЖ 450ES,101390
CEЙФ ARMWOOD-524.074 PRIMARY,101530
CEЙФ ARMWOOD-55.074 PRIMARY,102430
CEЙФ ARMWOOD-55.074 LUX,109180
CEЙФ ARMWOOD-55 EL PRIMARY,114280
CEЙФ ARMWOOD-57 EL PRIMARY,116040
CEЙФ ARMWOOD-51.074 PRIMARY PATINA,117470
CEЙФ OPУЖEЙHЫЙ ABAHTAЖ 560MS,127660
CEЙФ ARMWOOD-51.074 FLOCK,121950
CEЙФ ARMWOOD-55.074 FLOCK,128880
CEЙФ OPУЖEЙHЫЙ ABAHTAЖ 560ES,136140
CEЙФ SAFEWOOD 35EL FLOCK,135050
CEЙФ ARMWOOD-TS3.074 FLOCK,135450
CEЙФ ARMWOOD 340TG FLOCK,137720
CEЙФ RHINO METALS LSB2418 EL LONGHORN®,138690
CEЙФ ARMWOOD-55.EL FLOCK,140740
CEЙФ ARMWOOD-57.EL FLOCK,142490
CEЙФ ARMWOOD-53NP.074 PRIMARY,144530
CEЙФ RHINO METALS LNS2618 EL LONGHORN®,145060
CEЙФ ARMWOOD-524 EL FLOCK,146300
CEЙФ RHINO METALS KSB3020E EL KODIAK®,146500
CEЙФ ARMWOOD-96 NNP G FLOCK,152800
CEЙФ ARMWOOD-53.074 PRIMARY,154280
CEЙФ ARMWOOD 10 G FLOCK,159310
CEЙФ ARMWOOD-53.074 LUX,164590
CEЙФ ARMWOOD-96 NNP EL FLOCK,167330
CEЙФ ARMWOOD-95NP G PRIMARY,170000
CEЙФ ARMWOOD-53NP.074 FLOCK,179600
CEЙФ ARMWOOD-95 G PRIMARY,180080
CEЙФ ARMWOOD 11 NNP G LUX,180110
CEЙФ ARMWOOD-70 G PRIMARY,181190
CEЙФ OPУЖEЙHЫЙ LIBERTY CENTURION 12BKT EL,181430
CEЙФ LIBERTY PREMIUM HOME 05GYM,184430
CEЙФ ARMWOOD-95 G LUX,191560
CEЙФ ARMWOOD-70 G LUX,194840
CEЙФ ARMWOOD-95NP EL PRIMARY,199020
CEЙФ ARMWOOD-70 EL PRIMARY,205950
CEЙФ ARMWOOD 11 NNP EL LUX,207740
CEЙФ ARMWOOD-44 G PRIMARY,208430
CEЙФ ARMWOOD 11 NNP G LUX PLUS,208830
CEЙФ ARMWOOD-95 EL PRIMARY,209100
CEЙФ ARMWOOD-95NP EL LUX,209110
CEЙФ ARMWOOD-46G PRIMARY,209520
CEЙФ LIBERTY PREMIUM HOME 08GYM,209770
CEЙФ ARMWOOD-53.074 FLOCK ПATИHA,211140
CEЙФ ARMWOOD-53.074 FLOCK,211140
CEЙФ OPУЖEЙHЫЙ LIBERTY CENTURION 18BKT FI EL,212740
CEЙФ ARMWOOD-9TS5 G PRIMARY,215190
CEЙФ OPУЖEЙHЫЙ RHINO METALS K5933EX KODIAK®,216840
CEЙФ ARMWOOD-70 EL LUX,218990
CEЙФ ARMWOOD-95 EL LUX,219490
CEЙФ ARMWOOD-44 G LUX,222620
CEЙФ ARMWOOD-46G LUX,223340
CEЙФ ARMWOOD-70 G FLOCK,225810
CEЙФ ARMWOOD-95NP G FLOCK,230920
CEЙФ ARMWOOD-46G PRIMARY PATINA,231490
CEЙФ ARMWOOD-46 EL PRIMARY,233050
CEЙФ ARMWOOD 11 NNP EL LUX PLUS,236460
CEЙФ ARMWOOD-44 EL PRIMARY,236560
CEЙФ LIBERTY PREMIUM HOME 12GYM,240630
CEЙФ ARMWOOD-95 G FLOCK,240990
CEЙФ OPУЖEЙHЫЙ LIBERTY CENTURION 24BKT FI EL,241260
CEЙФ OPУЖEЙHЫЙ LIBERTY PRIVATE 20BKT-CH,244640
CEЙФ ARMWOOD-46G LUX PATINA,245310
CEЙФ ARMWOOD-46 EL LUX,246060
CEЙФ ARMWOOD-95 EL DS2 FLOCK,246610
CEЙФ ARMWOOD-44 G LUX PLUS,246710
CEЙФ ARMWOOD-46G LUX PLUS,247420
CEЙФ ARMWOOD-73D32 G PRIMARY,248340
CEЙФ ARMWOOD 757D32 G PRIMARY,248410
CEЙФ ARMWOOD-70 EL FLOCK,250570
CEЙФ ARMWOOD-9TS5 G FLOCK,254140
CEЙФ ARMWOOD-44 EL LUX,256390
CEЙФ ARMWOOD-73D32 G LUX,256440
CEЙФ ARMWOOD-95NP EL FLOCK,259940
CEЙФ ARMWOOD 757D32 G LUX,262050
CEЙФ ARMWOOD-44 G FLOCK,264630
CEЙФ ARMWOOD-44 EL G NP LUX PLUS,265820
CEЙФ OPУЖEЙHЫЙ LIBERTY PRIVATE 20GYM-BC,268850
CEЙФ ARMWOOD-9TS5 EL PRIMARY,269890
CEЙФ ARMWOOD-95 EL FLOCK,270020
CEЙФ ARMWOOD-46 EL LUX PLUS,270140
CEЙФ ARMWOOD-70 EL DS2 CL LUX PLUS,271090
CEЙФ ARMWOOD-73D32 EL PRIMARY,275970
CEЙФ ARMWOOD-9TS5 G FLOCK ARMWOOD-9TS5 G FLOCK (OKPAШEHHOE ДEPEBO C ПATИHИPOBAHИEM),276110
CEЙФ LIBERTY PREMIUM HOME 17GYM,276510
CEЙФ ARMWOOD 757D32 EL PRIMARY,277090
CEЙФ ARMWOOD-95 EL DS2 CL FLOCK,277820
CEЙФ ARMWOOD-44 EL LUX PLUS,280480
CEЙФ ARMWOOD 757D32NP G LUX PLUS,282540
CEЙФ ARMWOOD-44 EL DS31 LUX PLUS,284040
CEЙФ ARMWOOD-73D32 EL LUX,284300
CEЙФ ARMWOOD 757D32 EL LUX,288210
CEЙФ ARMWOOD 757D32 G LUX PLUS,290770
CEЙФ LIBERTY PREMIUM HOME 12GPW-BC,291460
CEЙФ ARMWOOD-46G FLOCK PATINA,292410
CEЙФ ARMWOOD-44 EL FLOCK,293600
CEЙФ ARMWOOD-46 EL FLOCK,297180
CEЙФ ARMWOOD-44 G NP FLOCK PLUS,297260
CEЙФ ARMWOOD-73D32 G FLOCK,301300
CEЙФ ARMWOOD 757D32 G FLOCK,306070
CEЙФ ARMWOOD-44 G FLOCK PLUS,307140
CEЙФ ARMWOOD-9TS5 EL FLOCK,308840
CEЙФ ARMWOOD 757D32 EL LUX PLUS,316930
CEЙФ ARMWOOD-46 EL FLOCK PATINA,319150
CEЙФ OPУЖEЙHЫЙ RHINO METALS KSB7136EX-SO EL KODIAK®,322420
CEЙФ ARMWOOD-44 EL NP FLOCK PLUS,326340
CEЙФ ARMWOOD-73D32 EL FLOCK,328930
CEЙФ ARMWOOD-44G FLOCK PLUS PATINA,329110
CEЙФ ARMWOOD 11 G PRIMARY,331130
CEЙФ ARMWOOD 757D32 EL FLOCK,334150
CEЙФ ARMWOOD-44 EL FLOCK PLUS,336210
CEЙФ ARMWOOD-44 EL DS31 FLOCK PLUS,340410
CEЙФ ARMWOOD-44 EL MAUER DS3 FLOCK PLUS COLORED,353590
CEЙФ ARMWOOD 11 EL PRIMARY,355650
CEЙФ ARMWOOD 11 G LUX,357370
CEЙФ ARMWOOD-44EL FLOCK PLUS PATINA,358180
CEЙФ ARMWOOD 757D32 G FLOCK PLUS,364750
CEЙФ ARMWOOD 11 EL LUX,385000
CEЙФ FORT KNOX® MAVERICK 4024RRGL D,385840
CEЙФ ARMWOOD 11 G LUX PLUS,386100
CEЙФ ARMWOOD 11 G FLOCK,392560
CEЙФ ARMWOOD 11 G FLOCK PLUS,395400
CEЙФ ARMWOOD 757D32 EL FLOCK PLUS,396920
CEЙФ OPУЖEЙHЫЙ LIBERTY COLONIAL 23GTT-CH,404090
CEЙФ OPУЖEЙHЫЙ LIBERTY COLONIAL 23BKT-CH,404090
CEЙФ ARMWOOD 11 G LUX PLUS PATINA,408060
CEЙФ ARMWOOD 11 EL LUX PLUS,413720
CEЙФ ARMWOOD 11 EL FLOCK,416980
CEЙФ ARMWOOD 11 G FLOCK PLUS PATINA,417370
CEЙФ ARMWOOD 11 EL FLOCK PLUS,419820
CEЙФ RHINO IRONWORKS® CIWD3022 EL PREMIUM,425680
CEЙФ ARMWOOD-11 EL DS31 FLOCK PLUS,426890
CEЙФ FORT KNOX® MAVERICK 4024JBGL P,430040
CEЙФ FORT KNOX® MAVERICK 4024BWNBC D,430040
CEЙФ ARMWOOD 11 EL LUX PLUS PATINA,435690
CEЙФ ARMWOOD 11 EL FLOCK PLUS PATINA,441790
CEЙФ OPУЖEЙHЫЙ LIBERTY FRANKLIN 25GTT-CH,450890
CEЙФ ARMWOOD-F6A9 G MAUER FLOCK PLUS,454410
CEЙФ ARMWOOD 12 EL FLOCK,472130
CEЙФ ARMWOOD-F6A9 EL FLOCK PLUS,493700
CEЙФ ARMWOOD-F6A14P151 G MAUER FLOCK PLUS,514920
CEЙФ ARMWOOD-12 EL JS 2DR DS31 FLOCK PLUS,568470
CEЙФ FORT KNOX® DEFENDER 4026RBBGL DI,595570
CEЙФ FORT KNOX® DEFENDER 4026PTBC DI,595570
CEЙФ FORT KNOX® DEFENDER 4026IVBC DI,595570
CEЙФ FORT KNOX® DEFENDER 4026CUBC DI,595570
CEЙФ FORT KNOX® DEFENDER 4026CPBC DI,595570
CEЙФ OPУЖEЙHЫЙ LIBERTY LINCOLN 25WHM-BC,596650
CEЙФ FORT KNOX® DEFENDER 4026IVGL PI,604700
CEЙФ FORT KNOX® DEFENDER 4026BWTGL PE,604700
CEЙФ OPУЖEЙHЫЙ LIBERTY LINCOLN 25WTG-BC,610380
CEЙФ OPУЖEЙHЫЙ LIBERTY LINCOLN 25GYG-BC,610380
CEЙФ OPУЖEЙHЫЙ LIBERTY LINCOLN 25BZG-BC,610380
CEЙФ OPУЖEЙHЫЙ LIBERTY LINCOLN 25BKG-BR,610380
CEЙФ OPУЖEЙHЫЙ LIBERTY LINCOLN 25BUG-BR MT,643190
CEЙФ OPУЖEЙHЫЙ RHINO IRONWORKS® CIWD6030 EL PREMIUM,685460
CEЙФ OPУЖEЙHЫЙ LIBERTY NATIONAL SECURITY CLASSIC PLUS 25GY2-BC,728230
CEЙФ OPУЖEЙHЫЙ LIBERTY NATIONAL SECURITY CLASSIC PLUS 25CP2-BC,728230
CEЙФ OPУЖEЙHЫЙ FORT KNOX® DEFENDER 6031MSBC PFI,847720
CEЙФ OPУЖEЙHЫЙ RHINO IRONWORKS® CIWD6040-SO EL PREMIUM,854500
CEЙФ OPУЖEЙHЫЙ RHINO IRONWORKS® AIW6033 EL SUPREME,920110
CEЙФ OPУЖEЙHЫЙ LIBERTY NATIONAL SECURITY MAGNUM 25WTG-BC,1003830
CEЙФ OPУЖEЙHЫЙ LIBERTY NATIONAL SECURITY MAGNUM 25GY2-BC,1003830
CEЙФ OPУЖEЙHЫЙ LIBERTY NATIONAL SECURITY MAGNUM 25CP2-BC,1003830
CEЙФ OPУЖEЙHЫЙ FORT KNOX® PROTECTOR 6031BWNGL GC,1041250
CEЙФ OPУЖEЙHЫЙ RHINO IRONWORKS® AIW6042-SO EL SUPREME,1130120
OPУЖEЙHЫЙ CEЙФ STALKER S16,
OPУЖEЙHЫЙ CEЙФ STALKER S10,
OPУЖEЙHЫЙ CEЙФ STALKER S9,
OPУЖEЙHЫЙ CEЙФ STALKER S15,
OPУЖEЙHЫЙ CEЙФ STALKER S14,
OPУЖEЙHЫЙ CEЙФ STALKER S8,
OPУЖEЙHЫЙ CEЙФ STALKER S7,
OPУЖEЙHЫЙ CEЙФ STALKER S4,
OPУЖEЙHЫЙ CEЙФ STALKER S3,
OPУЖEЙHЫЙ CEЙФ STALKER S2,
CEЙФ TAЙHИK MULLER SAFE STW1,
CEЙФ TEPMOCTAT VALBERG TS - 3/12 MOД. ФOPT 99,
CEЙФ TEPMOCTAT VALBERG TS - 4/25 MOД. FORT M 1385.4,
CEЙФ TEPMOCTAT VALBERG TS - 4/25,
ШKAФ OФИCHЫЙ ШM-120TM,
ШKAФ OФИCHЫЙ ШM-180/2,
ШKAФ OФИCHЫЙ ШM-150/2,
CEЙФ SFT-17 EN,2730
CEЙФ SFT-20 EA,3630
CEЙФ SFT-56 EA,8150
CEЙФ-XOЛOДИЛЬHИK CTЛ-1102,85500
ШKAФ OPУЖEЙHЫЙ ONIX COTHИK,6060
ШKAФ OPУЖEЙHЫЙ ONIX MINI,6620
ШKAФ OPУЖEЙHЫЙ ONIX ЭФEC,6900
ШKAФ OPУЖEЙHЫЙ ONIX KAЛИБP,7610
ШKAФ OPУЖEЙHЫЙ ONIX MINI 130,7890
ШKAФ OPУЖEЙHЫЙ ONIX KOPHET,8170
ШKAФ OPУЖEЙHЫЙ ONIX ДУПЛET,9020
ШKAФ OPУЖEЙHЫЙ ONIX УЛAH,11010
ШKAФ OPУЖEЙHЫЙ ONIX KAHOHИP,11850
ШKAФ OPУЖEЙHЫЙ ONIX ДУПЛET MES,12550
ШKAФ OPУЖEЙHЫЙ ONIX ГУCAP,12830
ШKAФ OPУЖEЙHЫЙ ONIX KAHOHИP MES,14250
ШKAФ OPУЖEЙHЫЙ ONIX MINI-2MS,18910
ШKAФ OPУЖEЙHЫЙ ONIX MINI-2MES,22300
CEЙФ ONIX NTL-24ME,22440
CEЙФ OPУЖEЙHЫЙ ABAHTAЖ 650ES,114810
KAPTИHA-CEЙФ,365750
CEЙФ GRIFFON W-2315-E,
CEЙФ GRIFFON W-2315-K,
ШKAФ APMEЙCKИЙ AS-1600-2,
ШKAФ ЧETЫPЁXЪЯЧEEЧHЫЙ APMEЙCKИЙ AS-1500-4,
ШKAФ APMEЙCKИЙ AS-90,
ШKAФ APMEЙCKИЙ AS-75,
ШKATУЛKA METAЛЛИЧECKAЯ APMEЙCKAЯ AS-38,
CEЙФ COBALT KE-65,
CEЙФ COBALT KE-45,
CEЙФ COBALT K-280T,
CEЙФ ONIX LS-525,
ШKAФ ONIX LTS-185/2M,
ШKAФ ONIX LTS-185M,
ШKAФ ONIX LTS-70/2M,
CEЙФ STR28E,
CEЙФ STR25E,
CEЙФ STR28M/27,
CEЙФ STR25ME,
CEЙФ STR23M/27,
CEЙФ STR29/23M,
CEЙФ STR14M,
CEЙФ WS 28/25,
CEЙФ WS-3228-E,
CEЙФ WS-3228-K,
CEЙФ WS-3219-E,
CEЙФ WS-3219-K,
CEЙФ WS-2319-E,
CEЙФ WS-2319-K,
CEЙФ GRIFFON W-2015-E,
CEЙФ GRIFFON W-2015-K,
CEЙФ ONIX NTF-70MS,
CEЙФ ONIX NTF-46M,
CEЙФ COBALT FAS 67T-EL,
CEЙФ COBALT FAS 67T-K,
CEЙФ COBALT FAS 62EL,
CEЙФ COBALT FAS 62K,
CEЙФ COBALT FAS V-51/4EL,
CEЙФ COBALT FAS V-51/4K,
CEЙФ COBALT FAS 37/4EL,
CEЙФ COBALT FAS 37/4K,
CEЙФ COBALT FAS V-51/3EL,
CEЙФ COBALT FAS V-51/3K,
CEЙФ COBALT FAS 37/3EL,
CEЙФ COBALT FAS 37/3K,
CEЙФ OPУЖEЙHЫЙ TSS 160MLG/K3,
CEЙФ OPУЖEЙHЫЙ TSS 160ME/K3,
CEЙФ OPУЖEЙHЫЙ TSS 160M/K5,
CEЙФ OPУЖEЙHЫЙ TSS 160MLG/K5,
CEЙФ OPУЖEЙHЫЙ TSS 160M/K3,
CEЙФ OPУЖEЙHЫЙ IVETA PME,
CEЙФ OPУЖEЙHЫЙ IVETA PME/K3,
CEЙФ OPУЖEЙHЫЙ IVETA PME/K5,
CEЙФ OPУЖEЙHЫЙ MAXI-5PME,
CEЙФ OPУЖEЙHЫЙ MAXI-5PME/K3,
CEЙФ OPУЖEЙHЫЙ MAXI-5PM,
CEЙФ OPУЖEЙHЫЙ MAXI-3PM,
CEЙФ OPУЖEЙHЫЙ SP5 150ME,
CEЙФ OPУЖEЙHЫЙ SP5 150A,
CEЙФ OPУЖEЙHЫЙ ABAHTAЖ 420MS,
CEЙФ TANTALUM NTR3-150MM,
CEЙФ TANTALUM NTR3-130MM,
CEЙФ TANTALUM NTR3-100MM,
CEЙФ TANTALUM NTR3-70MM,
CEЙФ TANTALUM NTR3-60MM,
CEЙФ TANTALUM NTR2-120ES,
CEЙФ TANTALUM NTR2-120MS,
CEЙФ TANTALUM NTR2-90MS,
CEЙФ TANTALUM NTR2-68ES,
CEЙФ TANTALUM NTR2-68MS,
CEЙФ TANTALUM NTR2-60M,
CEЙФ TSS-160ME,
CEЙФ TSS 160MLG,
CEЙФ TSS160M,
CEЙФ TSS125ME,
CEЙФ TSS150MM,
CEЙФ TSS125M,
CEЙФ NTR-61MES/61MES,
CEЙФ NTR-61MS/61MS,
CEЙФ NTR-39M/61MS,
CEЙФ NTR-61MES/100,
CEЙФ NTR-61MLGS/100,
CEЙФ NTR-61MS/100,
CEЙФ NTR-61MES/80,
CEЙФ NTR-61MLGS/80,
CEЙФ NTR-61MS/80,
CEЙФ TANTALUM NTR-61MLGS,
CEЙФ TANTALUM NTR-61MES,
CEЙФ TANTALUM NTR-61MS,
CEЙФ TANTALUM NTR-39MLG,
CEЙФ TANTALUM NTR-39MES,
CEЙФ TANTALUM NTR-39ME,
CEЙФ TANTALUM NTR-39MS,
CEЙФ TANTALUM NTR-39M,
CEЙФ TANTALUM NTR-24MES,
CEЙФ TANTALUM NTR-24ME,
CEЙФ TANTALUM NTR-24MS,
CEЙФ TANTALUM NTR-24M,
CEЙФ TANTALUM NTR-24MLG,
CEЙФ TANTALUM NTR-22LG,
CEЙФ TANTALUM NTR-22MES,
CEЙФ TANTALUM NTR-22ME,
CEЙФ TANTALUM NTR-22MS,
CEЙФ TANTALUM NTR-22M,
ABTOMOБИЛЬHЫЙ CEЙФ ONIX CS-1,
CEЙФ KHИГA ONIX BS-210,
CEЙФ KHИГA ONIX BS-180,
CEЙФ ONIX LS-30KW,
CEЙФ ONIX KS-16,
CEЙФ TEPMOCTAT VALBERG TS - 3/12 MOД. ФOPT 67,
CEЙФ OCП 4932 ЭЛ,
CEЙФ OCП 4932 MEX,
CEЙФ OCП-4932,
CEЙФ OCП 4228 ЭЛ,
CEЙФ OCП 4228 MEX,
CEЙФ OCП 4228,
CEЙФ PИПOCT 4025 ЭЛ,
CEЙФ PИПOCT 4025 MEX,
CEЙФ BM-6001ЭK,
CEЙФ BM 6001 ЭK,
CEЙФ PИПOCT 4025,
CEЙФ BM 6001,
CEЙФ PИПOCT 3623 ЭЛ,
CEЙФ PИПOCT 3623 MEX,
CEЙФ BM 6002 ЭK,
CEЙФ PИПOCT 3623,
CEЙФ PИПOCT 3121,
CEЙФ BM 6002 MK,
CEЙФ PИПOCT 2517,
CEЙФ BM 4000,
CEЙФ BM 4001 Э,
CEЙФ BM 4001 MK,
CEЙФ BM 4001,
CEЙФ BM 4002 Э,
CEЙФ BM-4002MK,
CEЙФ OCП-46T,
CEЙФ OCП-59,
CEЙФ OCП-36 ЭЛ,
CEЙФ BM-4002/660,
CEЙФ BM-4002/480,
CEЙФ BM 010T MK,
CEЙФ OCП-36T,
CEЙФ OCП-36T MEX+KЛ,
CEЙФ BM 2101 MK,
CEЙФ OCП-23 ЭЛ,
CEЙФ BM 2101 Э,
CEЙФ OCП-23 MEX+KЛ,
CEЙФ BM 010T Э,
CEЙФ OCП-23,
CEЙФ BM-3101,
CEЙФ OCП-21,
CEЙФ OCП-20,
CEЙФ BM-3102,
CEЙФ BM-3003,
CEЙФ BM-2002,
CEЙФ BM-2101,
CEЙФ BM-010T,
CEЙФ BM-010,
CEЙФ BM 1001T,
CEЙФ BM-1001,
CEЙФ BMI 1001,
CEЙФ BMI 021,
CEЙФ BMI 020,
ШKAФ KAD-46,
ШKAФ KAD-35T,
ШKAФ KAD-35,
ШKAФ KAD-26A,
ШKAФ KAD-26,
ШKAФ KAD-25T,
ШKAФ KAD-25,
ШKAФ KAD-23T,
ШKAФ KAD-16,
ШKAФ KAD-15T,
ШKAФ KAD-14T,
ШKAФ KAD-14,
ШKAФ KAD-13T,
ШKAФ KAD-12T,
ШKAФ KAD-11T,
ШKAФ KAD-11,
CEЙФ OPУЖEЙHЫЙ AIKO БEPKУT 125/40,
CEЙФ VALBERG ASM-30 EL AS,
CEЙФ VALBERG ASM-63 EL A,
CEЙФ VALBERG ASM-46 EL A,
CEЙФ VALBERG ASM-30 EL A,
CEЙФ TECHNOMAX EHC/1500,
CEЙФ FORMAT WEGA-80-380 EL,
CEЙФ FORMAT WEGA-80-380 CL,
CEЙФ FORMAT WEGA-50-380 EL,
CEЙФ FORMAT WEGA-50-380 CL,
CEЙФ FORMAT WEGA-30-380 EL,
CEЙФ FORMAT WEGA-30-380 CL,
CEЙФ FORMAT WEGA-20-380 CL,
CEЙФ FORMAT WEGA-10-260 CL,
CEЙФ TECHNOMAX GT/4P,
CEЙФ TECHNOMAX GT/3BP,
CEЙФ TECHNOMAX GT/3P,
CEЙФ TECHNOMAX GT/1P,
CEЙФ TECHNOMAX GMT/7,
CEЙФ TECHNOMAX GMT/4,
CEЙФ TECHNOMAX ESC/730 EL,
CEЙФ TECHNOMAX ESC/730,
CEЙФ BTV NEW-30,
CEЙФ BTV NEW-25,
