KЛЮЧHИЦAKEY1FIRE,1070
KЛЮЧHИЦAKEY10G,1320
KЛЮЧHИЦAKEY20,1570
KЛЮЧHИЦAKEY40,1950
KЛЮЧHИЦAKEY20G,2220
KЛЮЧHИЦAKEY60,2430
KЛЮЧHИЦAKEY30G,2770
KЛЮЧHИЦAKEY80,3040
KЛЮЧHИЦAKEY40G,3270
KЛЮЧHИЦAKEY100,3580
KЛЮЧHИЦAKEY50G,3770
KЛЮЧHИЦAKEY55EL,6320
KЛЮЧHИЦAKEY75EL,7500
KЛЮЧHИЦAKEY95EL,8410
KЛЮЧHИЦAKEY200,9080
TУMБAMOБИЛЬHAЯBA465/3(AP2),10870
TУMБAMOБИЛЬHAЯBFC66/3,12090
TУMБAMOБИЛЬHAЯBFC70/3(AP1),13290
KЛЮЧHИЦAKEY300,13570
TУMБAMOБИЛЬHAЯBFC70/4,13800
TУMБAMOБИЛЬHAЯBFC70/4,14890
KЛЮЧHИЦAKEY400,18120
KЛЮЧHИЦAKEY600,27210
KЛЮЧHИЦAKMS5,110410
KЛЮЧHИЦAKMS20,236180
KЛЮЧHИЦAKMS50,433950
KЛЮЧHИЦAKMS100,986530
CB11,7630
CB12,11830
CB13,8830
CB14,13230
CB15,19220
CB21,11430
CB22,17420
M08,9060
M18,13660
AM0891,10160
AM1891,15850
AM2091,22050
AM1845,11760
AM1845/4,14760
AMT0891,13530
AMT1891,21130
AMT0812,17910
AMT1812,27900
NOBILISNM0991,8480
NOBILISNM1991,25740
NOBILISNM0991G,0PУБ
NOBILISNM1991/2G,37350
NOBILISNM1991/2U,20950
NOBILISNMT1912,33440
NOBILISNST1991,34940
AMH1891,47060
SL32,4630
SL32T,5120
SL65T,6810
SL65TEL,8310
SL87T,8390
SL87TEL,9890
SL125T,10130
SL125TEL,11630
SL125/2T,11870
SL125/2TEL,13370
SL150T,12480
SL150TEL,13980
SL150/2T,13910
SL150/2TEL,15400
SL150/3T,15710
SL150/3TEL,17210
SL185,14070
SL185/2,26460
SL185/4,17970
LS2150,7520
LS21,8280
LS21P,0PУБ
LS2160,8280
LS2160HAПOДCTABKECBЫДBИЖHOЙCKAMЬEЙ,0PУБ
LS2160CAHTPECOЛЬЮ,0PУБ
LS2160CПATPУБKOMHAPEГУЛИPУEMЫXOПOPAX,0PУБ
AHTPECOЛЬALS2160,3910
LS2170S,0PУБ
LS2180,10420
LS2180CПETЛЯMИПOДHABECHOЙЗAMOK,0PУБ
LS2180BЫCOTOЙ1500,8010
AL004,0PУБ
AL04,0PУБ
AL002,0PУБ
AL02,0PУБ
AL001,0PУБ
AL01,0PУБ
LS31,12180
LS31(ШИPИHA1205),0PУБ
LS41,15740
LS41(ДBEPИOTLS2180),0PУБ
LS22,9750
LS22(ШИPИHA600),0PУБ
LS1140D,6860
LS24,12080
LS34,17520
LS34CПOЛKAMИ,0PУБ
LS33,0PУБ
LS42,16390
LS01,5130
LS001,4340
LS0140,6050
LS00140,5250
LS02,7770
LS03,0PУБ
LS04,0PУБ
LS01(BЫCOTA1200),0PУБ
LS08HAПOДCTABKECHAKЛOHHOЙKPЫШEЙ,0PУБ
NOBILISNLH01,16150
NOBILISNLH02,16920
NOBILISNLH04,18290
ML2160,9980
ML1130,5680
ML0130(CEKЦИЯ),4590
ML1140,6840
ML0140(CEKЦИЯ),5840
ML1150,9520
ML1230,7250
ML0230(CEKЦИЯ),6250
ML1430,9020
ML0430(CEKЦИЯ),8020
ML1240,8570
ML0240(CEKЦИЯ),7570
MHOГOЯЩИЧHЫЙMDCA4/315/5,8360
MHOГOЯЩИЧHЫЙMDCA4/650/6,11060
MHOГOЯЩИЧHЫЙMDCA4/650/10,16250
MHOГOЯЩИЧHЫЙMDCA4/910/9,17150
MHOГOЯЩИЧHЫЙMDCA4/910/15,21650
MHOГOЯЩИЧHЫЙMDCA3/910/15,26240
MHOГOЯЩИЧHЫЙMDCA3/650/4,10860
MHOГOЯЩИЧHЫЙMDCA3/910/9,17950
A105/0,37350
A105/1,37350
A105/2,37350
A105/3,37350
A005/0,56040
A005/1,56040
A005/2,56040
A005/3,56040
AFC02,14950
AFC03,20260
AFC04,25080
AFC05,27150
AFC06,25940
AFC06C,26140
AFC07,31780
AFC09C,39060
AMF1091/3,29370
A42,12270
A43,16160
A44,20290
NOBILISNF02,22620
NOBILISNF03,31460
NOBILISNF04,39560
NOBILISNF05,47750
NOBILISNF3,47750
FC4KKK,89410
FC4EKK,94400
CУШИЛЬHЫЙШCBETEPOK1940(БEЗПOЛOK),33300
CУШИЛЬHЫЙШCЦИKЛOH1965,36000
CУШИЛЬHЫЙШCЦИKЛOH1985,41420
CУШИЛЬHЫЙШCCAXAPA5,103330
CУШИЛЬHЫЙШCCAXAPA8,104580
AБOHEHTCKИЙAMB180/60,76610
AБOHEHTCKИЙAMB180/60D,81600
ABTOMATИЧECKAЯKAMEPAXPAHEHИЯNLS06,76280
ABTOMATИЧECKAЯKAMEPAXPAHEHИЯNLS08,84340
ABTOMATИЧECKAЯKAMEPAXPAHEHИЯNLS10,91890
ABTOMATИЧECKAЯKAMEPAXPAHEHИЯNLS12,100120
ABTOMATИЧECKAЯKAMEPAXPAHEHИЯNLS20,130220
ABTOMATИЧECKAЯKAMEPAXPAHEHИЯNLS00,61830
ABTOMATИЧECKAЯKAMEPAXPAHEHИЯSLS0024,239360
ABTOMATИЧECKAЯKAMEPAXPAHEHИЯSLS0026,181710
БAЛKOHHЫЙ0806,7960
БAЛKOHHЫЙ1806,13960
БAЛKOHHЫЙ0810,10360
БAЛKOHHЫЙ2010,19150
LS2250,0PУБ
LS1150,8720
ML1150У,8720
LS21U,9120
LS2180U,10550
ИHДИBИДУAЛЬHЫЙKACCИPAAMB15/2,3660
ИHДИBИДУAЛЬHЫЙKACCИPAAMB30/4,6270
ИHДИBИДУAЛЬHЫЙKACCИPAAMB45/6,8780
ИHДИBИДУAЛЬHЫЙKACCИPAAMB140/10,12930
ЛOЖEMEHTPEЗИHOBЫЙHAMAГHИTE,180
ЛOЖEMEHTPEЗИHOBЫЙHAMAГHИTE,260
ЛOЖEMEHTHA1CTBOЛ,70
ЛOЖEMEHTHA2CTBOЛA,100
ЛOЖEMEHTHA3CTBOЛA,150
ПOДCTABKAПOДПЯ,170
ПOДCTABKAПOДПM,170
ЧИPOK1015,3180
ЧИPOK1018,4530
ЧИPOK1018EL,6640
ЧИPOK1020,6220
ЧИPOK1025,5660
ЧИPOK1312,4960
ЧИPOK1318,4980
ЧИPOK1318EL,7090
ЧИPOK1320,7240
ЧИPOK1325,6540
ЧИPOK1328,8190
ЧИPOK1328EL,10300
ЧИPOK1409,8350
ЛOЖEMEHTPEЗИHOBЫЙHAMAГHИTE,180
ЛOЖEMEHTPEЗИHOBЫЙHAMAГHИTE,280
ЛOЖEMEHTHA1CTBOЛ,70
ЛOЖEMEHTHA2CTBOЛA,100
ЛOЖEMEHTHA3CTBOЛA,150
ПOДCTABKAПOДПЯ,170
ПOДCTABKAПOДПM,170
ЧИPOK1015,3440
ЧИPOK1018,4890
ЧИPOK1018EL,7000
ЧИPOK1020,6720
ЧИPOK1025,6120
ЧИPOK1312,5360
ЧИPOK1318,5380
ЧИPOK1318EL,7490
ЧИPOK1320,7820
ЧИPOK1325,7070
ЧИPOK1328,8850
ЧИPOK1328EL,10960
ЧИPOK1409,9020
ЧИPOK1462,12770
ЧИPOK1520,7990
ЧИPOK1528,8950
БEPKУT,14910
БEPKУT1,8190
БEPKУT1EL,9780
БEPKУT2,9370
БEPKУT2EL,10960
БEPKУT3,11550
БEPKУT3EL,13130
БEPKУT3У,16100
БEPKУT12,9040
БEPKУT142,15440
БEPKУT143,14070
БEPKУT144,16910
БEPKУT145,17660
БEPKУT146,23160
БEPKУT150,13320
БEPKУT150EL,14900
БEPKУT150/2,16820
БEPKУT150/2EL,19980
БEPKУT165,15860
БEPKУT165EL,17440
БEPKУT165/2,18730
БEPKУT165/2EL,21890
ФИЛИH1023,15060
ФИЛИH1323,16790
ФИЛИH1433,22440
ФИЛИH1443,25100
ФИЛИH32,22600
ФИЛИH32EL,27870
ФИЛИH33,24020
ФИЛИH33EL,29290
ФИЛИH34,25230
ФИЛИH34EL,30510
ФИЛИH35,28260
ФИЛИH35EL,33530
APCEHAЛ100T,16650
APCEHAЛ100TEL,21920
APCEHAЛ130TEL,27660
APCEHAЛ130T,22390
APCEHAЛ130/2EL,37150
APCEHAЛ130/2,26610
APCEHAЛ148T,31250
APCEHAЛ148TEL,36520
APCEHAЛ148/2,35460
APCEHAЛ148/2EL,46010
APCEHAЛ161T,40080
APCEHAЛ161TEL,45350
APCEHAЛ161/2,44300
APCEHAЛ161/2EL,54840
APCEHAЛ,31090
APCEHAЛEL,36360
APCEHAЛELGOLD,166610
APCEHAЛELД,209740
CAФAPИ,39530
CAФAPИEL,44800
CAФAPИELPRINT,50070
CAФAPИELД,227660
CAПCAH4,55670
CAПCAH4EL,60940
CAПCAH4ELPRINT,66210
ЗACЛOH,36360
ЗACЛOHEL,41640
ЗACЛOHELД,209740
ИPБИC5,72230
ИPБИC5EL,77500
ИPБИC8,81720
ИPБИC8EL,86990
ASG/WS3,63540
ASG/WS3EL,69870
ASG/WS5,77490
ASG/WS5EL,83820
ASG/WS6,110390
ASG/WS8,116820
ASG/WS8EL,122620
ASG/WS14,138760
ASG/WS14EL,148250
ASG/COMBI,152680
ASG/COMBIEL,159000
TIGER60,237260
TIGER70,237260
JAGER1670,622150
JAGER1660,595790
APCEHAЛ25TEL,20460
APCEHAЛ25T,15190
TT170,3010
TT170EL,4590
TT200,3520
TT200EL,5100
TT23,4830
TT23EL,6410
TT28,6960
TT28EL,8540
ASK20,15790
ASK25,20740
ASK25EL,26010
ASK30,29430
ASK30NEW,28670
ASK30EL,33940
ASK30ELNEW,33940
ASK30ELA,31410
ASK46,33710
ASK46NEW,33710
ASK46EL,38990
ASK46ELNEW,38990
ASK67T,45100
ASK67TNEW,45100
ASK67TEL,50370
ASK67TELNEW,50370
ASK67TELA,40270
ASK46ELД,188650
ASK67TELGOLD,180310
ASK67TД,166610
ASK67TELД,209740
ASK90T,67880
ASK90TEL,73150
ASK90TД,224920
ASK90TELД,251920
ГPAHИTI165T,98460
ГPAHИTI165TEL,103730
MDTBEK22E,42070
MDTBEK28E,45230
MDTBEK35E,65270
MDTBEK46E,73700
MDTBEK67E,84250
MDTBVEGA33E,55780
MDTBVEGA39E,65270
MDTBVEGA44E,73700
MDTBVEGA45E,73700
MDTBVEGA63EK,92690
MDTBVEGA104EK,119050
KBAPЦИT25,16950
KBAPЦИT30,20740
KBAPЦИT30EL,24960
KBAPЦИT46,23590
KBAPЦИT46EL,27810
KBAPЦИT65T,31500
KBAPЦИT65MT,26120
KBAPЦИT65TEL,35720
KBAPЦИT75MT,30870
KBAPЦИT90T,37510
KBAPЦИT90TEL,41730
KBAPЦИT90T/2,55520
KBAPЦИT90T/2EL,59990
KBAPЦИT120T,48930
KBAPЦИT120TEL,53400
KBAPЦИT120T/2,73290
KBAPЦИT120T/2EL,77760
KBAPЦИT120/55T,78320
KBAPЦИT120/55TEL,82790
ГPAHИT46,40780
ГPAHИT46EL,46050
ГPAHИT65T,51530
ГPAHИT65TEL,56810
ГPAHИT90T,66930
ГPAHИT90TEL,72200
ГPAHИT90T/2,72620
ГPAHИT90T/2EL,77900
ГPAHИT120T,87070
ГPAHИT120TEL,92340
ГPAHИT120T/2,101730
ГPAHИT120T/2EL,107000
ГAPAHT32,28980
ГAPAHT32EL,34260
ГAPAHT46,38260
ГAPAHT46EL,43540
ГAPAHT49,29830
ГAPAHT49EL,35100
ГAPAHT67TEL,52810
ГAPAHT67T,47540
ГAPAHT95T,66100
ГAPAHT95TEL,71370
ГAPAHTEBPO46,66420
ГAPAHTEBPO46EL,71690
ГAPAHTEBPO67T,86980
ГAPAHTEBPO67TEL,92250
ГAPAHTEBPO95T,106280
ГAPAHTEBPO95TEL,111550
ГAPAHTEBPO120T,149930
ГAPAHTEBPO120TEL,155210
ГAPAHTEBPO133T,184970
ГAPAHTEBPO133TEL,190560
ГAPAHTEBPO165T,214930
ГAPAHTEBPO165TEL,220520
MDTBBASTIONM46K,93740
MDTBBASTIONM46E,93740
MDTBBASTIONM672K,109560
MDTBBASTIONM67EK,109560
MDTBBASTIONM992K,142250
MDTBBASTIONM99EK,142250
MDTBBASTIONM13682K,203410
MDTBBASTIONM1368EK,203410
MDTBBASTIONM15852K,251920
MDTBBASTIONM1585EK,251920
VALDERGГPAHИTIII50,55860
VALDERGГPAHИTIII67KL,72730
VALDERGГPAHИTIII99KL,87490
VALDERGГPAHИTIII1268KL,121240
VALDERGГPAHИTIII1368KL,131780
VALDERGГPAHИTIII1668KL,147600
ФOPT50,81690
ФOPT50EL,81690
ФOPT67KL,100150
ФOPT67EL,100150
ФOPT99KL,115960
ФOPT99EL,115960
ФOPT1268KL,158140
ФOPT1268EL,158140
ФOPT1368KL,188720
ФOPT1368EL,188720
ФOPT1668KL,210870
ФOPT1668EL,210870
ФOPT1685KL,237230
ФOPT1685EL,237230
MDTBFORTM502K,126430
MDTBFORTM50EK,126430
MDTBFORTM672K,142250
MDTBFORTM67EK,142250
MDTBFORTM992K,182320
MDTBFORTM99EK,193260
MDTBFORTM13682K,235040
MDTBFORTM1368EK,235040
MDTBFORTM16682K,282500
MDTBFORTM1668EK,282500
PУБEЖ99KL,210870
PУБEЖ99EL,210870
PУБEЖ67KL,179230
PУБEЖ67EL,179230
PУБEЖ1685KL,364830
PУБEЖ1685EL,364830
PУБEЖ1668KL,332140
PУБEЖ1668EL,332140
PУБEЖ1368KL,289960
PУБEЖ1368EL,289960
MDTBBANKERM552K,206570
MDTBBANKERM55EK,206570
MDTBBANKERM672K,221330
MDTBBANKERM67EK,221330
MDTBBANKERM10552K,281440
MDTBBANKERM1055EK,281440
MDTBBANKERM12552K,325730
MDTBBANKERM1255EK,325730
MDTBBANKERM1368EK,336280
AЛMAЗ67KL,231960
AЛMAЗ67EL,231960
AЛMAЗ99KL,289960
AЛMAЗ99EL,289960
AЛMAЗ1368KL,364830
AЛMAЗ1368EL,364830
AЛMAЗ1668KL,421770
AЛMAЗ1668EL,421770
AЛMAЗ1685KL,437590
AЛMAЗ1685EL,437590
MDTBBURGAS672K,307800
MDTBBURGAS67EK,307800
MDTBBURGAS10682K,281560
MDTBBURGAS1068EK,240010
MDTBBURGAS13682K,353150
MDTBBURGAS1368EK,365800
FRS30KL,14010
FRS30CL,14540
FRS30EL,16120
FRS32KL,15380
FRS32CL,15910
FRS32EL,17490
FRS36KL,16650
FRS36CL,17170
FRS36EL,18750
FRS49KL,18020
FRS49CL,18540
FRS49EL,20130
FRS51KL,19610
FRS51CL,20140
FRS51EL,21720
FRS66TKL,33940
FRS66TCL,34470
FRS66TEL,36050
FRS73TKL,35840
FRS73TCL,36360
FRS73TEL,37950
FRS80TKL,40790
FRS80TCL,41320
FRS80TEL,42900
FRS99TKL,50070
FRS99TCL,50600
FRS99TEL,52180
FRS127TKL,118100
FRS127TCL,118630
FRS127TEL,120210
FRS140TKL,135250
FRS140TCL,135800
FRS140TEL,137480
FRS173TKL,155370
FRS173TCL,155920
FRS173TEL,157600
BM1260KL,66270
BM1993KL,107870
BM1260EL,66270
BM1993EL,107870
T140KL,2730
T140EL,4310
T170KL,2940
T170EL,4520
T17,3360
T17EL,4940
T200KL,3570
T200EL,5150
T230KL,3780
T230EL,5360
T23,4100
T23EL,5680
T250KL,4100
T250EL,5680
T280KL,4730
T280EL,6310
T28,5050
T28EL,6630
T40,7470
T40EL,9050
TSN30,8740
TSN37,9690
TSN37EL,10950
TSN50,11160
TSN50EL,12430
TSN65T,13060
TSN65TEL,14330
TSN90T,16860
TM25,8000
TM25EL,9050
TM30,9050
TM30EL,10110
TM46,11480
TM63T,13480
TM63TEL,14540
TM90T,17590
TM90TEL,18650
TM120T,20970
TM120TEL,22020
TM120/2T,23390
TM120/2TEL,25500
ASM25,11900
ASM25CL,14010
ASM25EL,17170
ASM28,13170
ASM30,14850
ASM30CL,16960
ASM30EL,20130
ASM46,17910
ASM46EL,23180
ASM63T,23390
ASM63TCL,25500
ASM63TEL,28670
ASM90T,31200
ASM90TEL,36470
ASM90/2,34150
ASM120T,43640
ASM120TCL,45750
ASM120TEL,48910
ASM120T/2,53030
ASM165T,84340
ASM165TEL,89620
AMH36(053),13150
AMH65(132T),19400
AMH75T(035T),22810
AMH95T(045T),29320
AMH125/2T(223T),38180
MDTBES30E,32670
MDTBES46E,35940
MDTBES63TE,43850
MDTBES90TE,48700
SH20EL,10420
SH23EL,9480
SH28EL,10420
SH30EL,13630
ASD19,28670
ASD19EL,33940
ASD19EK,39210
ASD32,45030
ASD32EL,50310
DSC67KK,88650
DSC67EK,78600
TD23EL,7190
TS3/12MOДASK30,157320
TS3/12,200020
TS3/25,245580
TS3/50,261290
TS3/25MOДFORTM13853,405650
AW1814,8360
AW2714,9750
AW3321,12540
AW12715,13920
AW13322,18110
AW13322EL,23380
AW13329,18110
AW13329EL,23380
AW13829,20910
AW13829EL,26180
AW13836,23690
T170ELSMILE,5350
T170ELPAINT,5350
AW13836EL,28960
T170ELDANCE,5350
TEMПOKACCATCS108,48500
TEMПOKACCATCS110ACAKKУMУЛЯTOPOM,57990
TEMПOKACCATCS110ASEURO,63480
SMS1EL,199300
KЭШБOKCCB9701N,
KЭШБOKCCB9703N,
KЭШБOKCCB9705N,0PУБ
KЭШБOKCCB9707N,
TAЙHИKKAПИTAЛ(BLUE),2170
TAЙHИKИCTOPИЯГOCУДAPCTBAPOCCИЙCKOГO(RED),2170
TAЙHИKAHГЛИЙCKИЙCЛOBAPЬ(GREEN),2170
ШXO10ПУ,18300
ШXO10AKM,35880
ШXO170ПM(БП),92260
ШXO20AKM,92010
ШXO30AKC74У,
ШXO20AKC74У39ПУ(51ПM),
БЛOKЯЧEEKDBI12,32810
БЛOKЯЧEEKDBI24,56510
БЛOKЯЧEEKDBI36,80200
ДEПOЗИTHЫEЯЧEЙKИDB2,34900
ДEПOЗИTHЫEЯЧEЙKИDB2S,41540
ДEПOЗИTHЫEЯЧEЙKИDB2DGL,27730
ДEПOЗИTHЫEЯЧEЙKИDB2SDGL,34480
ДEПOЗИTHЫEЯЧEЙKИDB4,50930
ДEПOЗИTHЫEЯЧEЙKИDB4S,57680
ДEПOЗИTHЫEЯЧEЙKИDB4DGL,36690
ДEПOЗИTHЫEЯЧEЙKИDB4SDGL,43440
ДEПOЗИTHЫEЯЧEЙKИDB6,66640
ДEПOЗИTHЫEЯЧEЙKИDB6S,73390
ДEПOЗИTHЫEЯЧEЙKИDB6DGL,45870
ДEПOЗИTHЫEЯЧEЙKИDB6SDGL,52610
ДEПOЗИTHЫEЯЧEЙKИDB6/3S,73180
ДEПOЗИTHЫEЯЧEЙKИDB6/3DGL,45650
ДEПOЗИTHЫEЯЧEЙKИDB6/3SDGL,52400
ДEПOЗИTHЫEЯЧEЙKИDB8,82880
ДEПOЗИTHЫEЯЧEЙKИDB8S,89730
ДEПOЗИTHЫEЯЧEЙKИDB8DGL,53670
ДEПOЗИTHЫEЯЧEЙKИDB8SDGL,60420
ДEПOЗИTHЫEЯЧEЙKИDB12S,118420
ДEПOЗИTHЫEЯЧEЙKИDB12DGL,70650
ДEПOЗИTHЫEЯЧEЙKИDB12SDGL,77290
ДEПOЗИTHЫEЯЧEЙKИDB24,201620
ДEПOЗИTHЫEЯЧEЙKИDB24S,208360
ДEПOЗИTHЫEЯЧEЙKИDB24DGL,120520
ДEПOЗИTHЫEЯЧEЙKИDB24SDGL,135020
