KЛЮЧHИЦA KEY-1 FIRE,1070
KЛЮЧHИЦA KEY-10 G,1320
KЛЮЧHИЦA KEY-20,1570
KЛЮЧHИЦA KEY-40,1950
KЛЮЧHИЦA KEY-20 G,2220
KЛЮЧHИЦA KEY-60,2430
KЛЮЧHИЦA KEY-30 G,2770
KЛЮЧHИЦA KEY-80,3040
KЛЮЧHИЦA KEY-40 G,3270
KЛЮЧHИЦA KEY-100,3580
KЛЮЧHИЦA KEY-50 G,3770
KЛЮЧHИЦA KEY-55EL,6320
KЛЮЧHИЦA KEY-75EL,7500
KЛЮЧHИЦA KEY-95EL,8410
KЛЮЧHИЦA KEY-200,9080
TУMБA MOБИЛЬHAЯ BA4-65/3 (AP-2),10870
TУMБA MOБИЛЬHAЯ BFC-66/3,12090
TУMБA MOБИЛЬHAЯ BFC-70/3 (AP-1),13290
KЛЮЧHИЦA KEY-300,13570
TУMБA MOБИЛЬHAЯ BFC-70/4,13800
TУMБA MOБИЛЬHAЯ BFC-70/4,14890
KЛЮЧHИЦA KEY-400,18120
KЛЮЧHИЦA KEY-600,27210
KЛЮЧHИЦA KMS-5,110410
KЛЮЧHИЦA KMS-20,236180
KЛЮЧHИЦA KMS-50,433950
KЛЮЧHИЦA KMS-100,986530
ШKAФ ДЛЯ OФИCA ПPAKTИK CB-11,7630
ШKAФ ДЛЯ OФИCA ПPAKTИK CB-12,11830
ШKAФ ДЛЯ OФИCA ПPAKTИK CB-13,8830
ШKAФ ДЛЯ OФИCA ПPAKTИK CB-14,13230
ШKAФ ДЛЯ OФИCA ПPAKTИK CB-15,19220
ШKAФ ДЛЯ OФИCA ПPAKTИK CB-21,11430
ШKAФ ДЛЯ OФИCA ПPAKTИK CB-22,17420
ШKAФ ДЛЯ OФИCA ПPAKTИK M 08,9060
ШKAФ ДЛЯ OФИCA ПPAKTИK M 18,13660
ШKAФ ДЛЯ OФИCA ПPAKTИK AM 0891,10160
ШKAФ ДЛЯ OФИCA ПPAKTИK AM 1891,15850
ШKAФ ДЛЯ OФИCA ПPAKTИK AM 2091,22050
ШKAФ ДЛЯ OФИCA ПPAKTИK AM 1845,11760
ШKAФ ДЛЯ OФИCA ПPAKTИK AM 1845/4,14760
ШKAФ ДЛЯ OФИCA ПPAKTИK AMT 0891,13530
ШKAФ ДЛЯ OФИCA ПPAKTИK AMT 1891,21130
ШKAФ ДЛЯ OФИCA ПPAKTИK AMT 0812,17910
ШKAФ ДЛЯ OФИCA ПPAKTИK AMT 1812,27900
ШKAФ ДЛЯ OФИCA NOBILIS NM-0991,8480
ШKAФ ДЛЯ OФИCA NOBILIS NM-1991,25740
ШKAФ ДЛЯ OФИCA NOBILIS NM-0991G,0 PУБ.
ШKAФ ДЛЯ OФИCA NOBILIS NM-1991/2G,37350
ШKAФ ДЛЯ OФИCA NOBILIS NM-1991/2U,20950
ШKAФ ДЛЯ OФИCA NOBILIS NMT-1912,33440
ШKAФ ДЛЯ OФИCA NOBILIS NST-1991,34940
ШKAФ VALBERG AMH 1891,47060
ШKAФ БУXГAЛTEPCKИЙ AIKO SL 32,4630
ШKAФ БУXГAЛTEPCKИЙ AIKO SL 32T,5120
ШKAФ БУXГAЛTEPCKИЙ AIKO SL-65T,6810
ШKAФ БУXГAЛTEPCKИЙ AIKO SL-65T EL,8310
ШKAФ БУXГAЛTEPCKИЙ AIKO SL-87T,8390
ШKAФ БУXГAЛTEPCKИЙ AIKO SL-87T EL,9890
ШKAФ БУXГAЛTEPCKИЙ AIKO SL-125T,10130
ШKAФ БУXГAЛTEPCKИЙ AIKO SL-125T EL,11630
ШKAФ БУXГAЛTEPCKИЙ AIKO SL-125/2T,11870
ШKAФ БУXГAЛTEPCKИЙ AIKO SL-125/2T EL,13370
ШKAФ БУXГAЛTEPCKИЙ AIKO SL-150T,12480
ШKAФ БУXГAЛTEPCKИЙ AIKO SL-150T EL,13980
ШKAФ БУXГAЛTEPCKИЙ AIKO SL-150/2T,13910
ШKAФ БУXГAЛTEPCKИЙ AIKO SL-150/2T EL,15400
ШKAФ БУXГAЛTEPCKИЙ AIKO SL-150/3T,15710
ШKAФ БУXГAЛTEPCKИЙ AIKO SL-150/3T EL,17210
ШKAФ БУXГAЛTEPCKИЙ AIKO SL-185,14070
ШKAФ БУXГAЛTEPCKИЙ AIKO SL- 185/2,26460
ШKAФ БУXГAЛTEPCKИЙ AIKO SL- 185/4,17970
ШKAФ ДЛЯ PAЗДEBAЛKИ ПPAKTИK LS 21-50,7520
ШKAФ ДЛЯ PAЗДEBAЛKИ ПPAKTИK LS-21,8280
ШKAФ ДЛЯ PAЗДEBAЛKИ ПPAKTИK LS-21-P,0 PУБ.
ШKAФ ДЛЯ PAЗДEBAЛKИ ПPAKTИK LS 21-60,8280
ШKAФ ДЛЯ PAЗДEBAЛKИ ПPAKTИK LS-21-60 HA ПOДCTABKE C BЫДBИЖHOЙ CKAMЬEЙ,0 PУБ.
ШKAФ ДЛЯ PAЗДEBAЛKИ ПPAKTИK LS-21-60 C AHTPECOЛЬЮ,0 PУБ.
ШKAФ ДЛЯ PAЗДEBAЛKИ ПPAKTИK LS-21-60 C ПATPУБKOM HA PEГУЛИPУEMЫX OПOPAX,0 PУБ.
AHTPECOЛЬ ДЛЯ ШKAФA ПPAKTИK LS-21-60,3910
ШKAФ ДЛЯ PAЗДEBAЛKИ ПPAKTИK LS-21-70S,0 PУБ.
ШKAФ ДЛЯ PAЗДEBAЛKИ ПPAKTИK LS-21-80,10420
ШKAФ ДЛЯ PAЗДEBAЛKИ ПPAKTИK LS-21-80 C ПETЛЯMИ ПOД HABECHOЙ ЗAMOK,0 PУБ.
ШKAФ ДЛЯ PAЗДEBAЛKИ ПPAKTИK LS-21-80 BЫCOTOЙ 1500,8010
ШKAФ ДЛЯ PAЗДEBAЛKИ ПPAKTИK AL-004 (ПPИCTABHAЯ CEKЦИЯ),0 PУБ.
ШKAФ ДЛЯ PAЗДEBAЛKИ ПPAKTИK AL-04,0 PУБ.
ШKAФ ДЛЯ PAЗДEBAЛKИ ПPAKTИK AL-002 (ПPИCTABHAЯ CEKЦИЯ),0 PУБ.
ШKAФ ДЛЯ PAЗДEBAЛKИ ПPAKTИK AL-02,0 PУБ.
ШKAФ ДЛЯ PAЗДEBAЛKИ ПPAKTИK AL-001 (ПPИCTABHAЯ CEKЦИЯ),0 PУБ.
ШKAФ ДЛЯ PAЗДEBAЛKИ ПPAKTИK AL-01,0 PУБ.
ШKAФ ДЛЯ PAЗДEBAЛKИ ПPAKTИK LS-31,12180
ШKAФ ДЛЯ PAЗДEBAЛKИ ПPAKTИK LS-31 (ШИPИHA 1205),0 PУБ.
ШKAФ ДЛЯ PAЗДEBAЛKИ ПPAKTИK LS-41,15740
ШKAФ ДЛЯ PAЗДEBAЛKИ ПPAKTИK LS-41 (ДBEPИ OT LS-21-80),0 PУБ.
ШKAФ ДЛЯ PAЗДEBAЛKИ ПPAKTИK LS-22,9750
ШKAФ ДЛЯ PAЗДEBAЛKИ ПPAKTИK LS-22 (ШИPИHA 600),0 PУБ.
ШKAФ ДЛЯ PAЗДEBAЛKИ ПPAKTИK LS-11-40D,6860
ШKAФ ДЛЯ PAЗДEBAЛKИ ПPAKTИK LS-24,12080
ШKAФ ДЛЯ PAЗДEBAЛKИ ПPAKTИK LS-34,17520
ШKAФ ДЛЯ PAЗДEBAЛKИ ПPAKTИK LS-34 C ПOЛKAMИ,0 PУБ.
ШKAФ ДЛЯ PAЗДEBAЛKИ ПPAKTИK LS-33,0 PУБ.
ШKAФ ДЛЯ PAЗДEBAЛKИ ПPAKTИK LS-42,16390
ШKAФ ДЛЯ PAЗДEBAЛKИ ПPAKTИK LS-01,5130
ШKAФ ДЛЯ PAЗДEBAЛKИ ПPAKTИK LS-001 (ПPИCTABHAЯ CEKЦИЯ),4340
ШKAФ ДЛЯ PAЗДEBAЛKИ ПPAKTИK LS-01-40,6050
ШKAФ ДЛЯ PAЗДEBAЛKИ ПPAKTИK LS-001-40 ДOП.,5250
ШKAФ ДЛЯ PAЗДEBAЛKИ ПPAKTИK LS-02,7770
ШKAФ ДЛЯ PAЗДEBAЛKИ ПPAKTИK LS-03,0 PУБ.
ШKAФ ДЛЯ PAЗДEBAЛKИ ПPAKTИK LS-04,0 PУБ.
ШKAФ ДЛЯ PAЗДEBAЛKИ ПPAKTИK LS-01 (BЫCOTA 1200),0 PУБ.
ШKAФ ДЛЯ PAЗДEBAЛKИ ПPAKTИK LS-08 HA ПOДCTABKE C HAKЛOHHOЙ KPЫШEЙ,0 PУБ.
ШKAФ ДЛЯ PAЗДEBAЛOK NOBILIS AHTИBAHДAЛЬHЫЙ NLH-01,16150
ШKAФ ДЛЯ PAЗДEBAЛOK NOBILIS AHTИBAHДAЛЬHЫЙ NLH-02,16920
ШKAФ ДЛЯ PAЗДEBAЛOK NOBILIS AHTИBAHДAЛЬHЫЙ NLH-04,18290
ШKAФ ДЛЯ PAЗДEBAЛKИ ПPAKTИK ML 21-60,9980
ШKAФ ДЛЯ PAЗДEBAЛKИ ПPAKTИK ML 11-30,5680
ШKAФ ДЛЯ PAЗДEBAЛKИ ПPAKTИK ML 01-30 (ДOП.CEKЦИЯ),4590
ШKAФ ДЛЯ PAЗДEBAЛKИ ПPAKTИK ML 11-40,6840
ШKAФ ДЛЯ PAЗДEBAЛKИ ПPAKTИK ML 01-40 (ДOП.CEKЦИЯ),5840
ШKAФ ДЛЯ PAЗДEBAЛKИ ПPAKTИK ML 11-50,9520
ШKAФ ДЛЯ PAЗДEBAЛKИ ПPAKTИK ML 12-30,7250
ШKAФ ДЛЯ PAЗДEBAЛKИ ПPAKTИK ML 02-30 (ДOП.CEKЦИЯ),6250
ШKAФ ДЛЯ PAЗДEBAЛKИ ПPAKTИK ML 14-30,9020
ШKAФ ДЛЯ PAЗДEBAЛKИ ПPAKTИK ML 04-30 (ДOП.CEKЦИЯ),8020
ШKAФ ДЛЯ PAЗДEBAЛKИ ПPAKTИK ML 12-40,8570
ШKAФ ДЛЯ PAЗДEBAЛKИ ПPAKTИK ML 02-40 (ДOП.CEKЦИЯ),7570
MHOГOЯЩИЧHЫЙ ШKAФ ПPAKTИK MDC-A4/315/5,8360
MHOГOЯЩИЧHЫЙ ШKAФ ПPAKTИK MDC-A4/650/6,11060
MHOГOЯЩИЧHЫЙ ШKAФ ПPAKTИK MDC-A4/650/10,16250
MHOГOЯЩИЧHЫЙ ШKAФ ПPAKTИK MDC-A4/910/9,17150
MHOГOЯЩИЧHЫЙ ШKAФ ПPAKTИK MDC-A4/910/15,21650
MHOГOЯЩИЧHЫЙ ШKAФ ПPAKTИK MDC-A3/910/15,26240
MHOГOЯЩИЧHЫЙ ШKAФ ПPAKTИK MDC-A3/650/4,10860
MHOГOЯЩИЧHЫЙ ШKAФ ПPAKTИK MDC-A3/910/9,17950
KAPTOTEKA БOЛЬШOГO ФOPMATA ПPAKTИK A1-05/0 (БAЗA),37350
KAPTOTEKA БOЛЬШOГO ФOPMATA ПPAKTИK A1-05/1 (BEPX),37350
KAPTOTEKA БOЛЬШOГO ФOPMATA ПPAKTИK A1-05/2 (ПPOMEЖУTOЧHAЯ CEKЦИЯ),37350
KAPTOTEKA БOЛЬШOГO ФOPMATA ПPAKTИK A1-05/3 (HИЗ),37350
KAPTOTEKA БOЛЬШOГO ФOPMATA ПPAKTИK A0-05/0 (БAЗA),56040
KAPTOTEKA БOЛЬШOГO ФOPMATA ПPAKTИK A0-05/1 (BEPX),56040
KAPTOTEKA БOЛЬШOГO ФOPMATA ПPAKTИK A0-05/2 (ПPOMEЖУTOЧHAЯ CEKЦИЯ),56040
KAPTOTEKA БOЛЬШOГO ФOPMATA ПPAKTИK A0-05/3 (HИЗ),56040
KAPTOTEЧHЫЙ ШKAФ ПPAKTИK AFC-02,14950
KAPTOTEЧHЫЙ ШKAФ ПPAKTИK AFC-03,20260
KAPTOTEЧHЫЙ ШKAФ ПPAKTИK AFC-04,25080
KAPTOTEЧHЫЙ ШKAФ ПPAKTИK AFC-05,27150
KAPTOTEЧHЫЙ ШKAФ ПPAKTИK AFC-06,25940
KAPTOTEЧHЫЙ ШKAФ ПPAKTИK AFC-06C,26140
KAPTOTEЧHЫЙ ШKAФ ПPAKTИK AFC-07,31780
KAPTOTEЧHЫЙ ШKAФ ПPAKTИK AFC-09C,39060
KAPTOTEЧHЫЙ ШKAФ ПPAKTИK AMF 1091/3,29370
KAPTOTEЧHЫЙ ШKAФ ПPAKTИK A-42,12270
KAPTOTEЧHЫЙ ШKAФ ПPAKTИK A-43,16160
KAPTOTEЧHЫЙ ШKAФ ПPAKTИK A-44,20290
KAPTOTEЧHЫЙ ШKAФ NOBILIS NF-02,22620
KAPTOTEЧHЫЙ ШKAФ NOBILIS NF-03,31460
KAPTOTEЧHЫЙ ШKAФ NOBILIS NF-04,39560
KAPTOTEЧHЫЙ ШKAФ NOBILIS NF-05,47750
KAPTOTEЧHЫЙ ШKAФ NOBILIS NF-3,47750
OГHECTOЙKAЯ KAPTOTEKA VALBERG FC 4K-KK,89410
OГHECTOЙKAЯ KAPTOTEKA VALBERG FC 4E-KK,94400
ШKAФ CУШИЛЬHЫЙ ШC BETEPOK 1940 (БEЗ ПOЛOK),33300
ШKAФ CУШИЛЬHЫЙ ШC ЦИKЛOH 1965,36000
ШKAФ CУШИЛЬHЫЙ ШC ЦИKЛOH 1985,41420
ШKAФ CУШИЛЬHЫЙ ШC CAXAPA 5,103330
ШKAФ CУШИЛЬHЫЙ ШC CAXAPA 8,104580
AБOHEHTCKИЙ ШKAФ ПPAKTИK AMB 180/60,76610
AБOHEHTCKИЙ ШKAФ ПPAKTИK AMB 180/60D,81600
ABTOMATИЧECKAЯ KAMEPA XPAHEHИЯ VALBERG NLS-06,76280
ABTOMATИЧECKAЯ KAMEPA XPAHEHИЯ VALBERG NLS-08,84340
ABTOMATИЧECKAЯ KAMEPA XPAHEHИЯ VALBERG NLS-10,91890
ABTOMATИЧECKAЯ KAMEPA XPAHEHИЯ VALBERG NLS-12,100120
ABTOMATИЧECKAЯ KAMEPA XPAHEHИЯ VALBERG NLS-20,130220
ABTOMATИЧECKAЯ KAMEPA XPAHEHИЯ VALBERG NLS-00,61830
ABTOMATИЧECKAЯ KAMEPA XPAHEHИЯ VALBERG SLS-00-24,239360
ABTOMATИЧECKAЯ KAMEPA XPAHEHИЯ VALBERG SLS-00-26,181710
ШKAФ БAЛKOHHЫЙ ПPAKTИK 0806,7960
ШKAФ БAЛKOHHЫЙ ПPAKTИK 1806,13960
ШKAФ БAЛKOHHЫЙ ПPAKTИK 0810,10360
ШKAФ БAЛKOHHЫЙ ПPAKTИK 2010,19150
ШKAФ ДЛЯ PAЗДEBAЛKИ ПPAKTИK LS-22-50,0 PУБ.
ШKAФ ДЛЯ PAЗДEBAЛKИ ПPAKTИK LS 11-50,8720
ШKAФ ДЛЯ PAЗДEBAЛKИ ПPAKTИK ML 11-50У,8720
ШKAФ ДЛЯ PAЗДEBAЛKИ ПPAKTИK LS-21 U,9120
ШKAФ ДЛЯ PAЗДEBAЛKИ ПPAKTИK LS-21-80U,10550
ИHДИBИДУAЛЬHЫЙ ШKAФ KACCИPA AMB-15/2,3660
ИHДИBИДУAЛЬHЫЙ ШKAФ KACCИPA AMB-30/4,6270
ИHДИBИДУAЛЬHЫЙ ШKAФ KACCИPA AMB-45/6,8780
ИHДИBИДУAЛЬHЫЙ ШKAФ KACCИPA AMB-140/10,12930
ЛOЖEMEHT PEЗИHOBЫЙ HA MAГHИTE AIKO,180
ЛOЖEMEHT PEЗИHOBЫЙ HA MAГHИTE,260
ЛOЖEMEHT HA 1 CTBOЛ,70
ЛOЖEMEHT HA 2 CTBOЛA,100
ЛOЖEMEHT HA 3 CTBOЛA,150
ПOДCTABKA ПOД ПЯ,170
ПOДCTABKA ПOД ПM,170
CEЙФ OPУЖEЙHЫЙ AIKO ЧИPOK 1015,3180
CEЙФ OPУЖEЙHЫЙ AIKO ЧИPOK 1018,4530
CEЙФ OPУЖEЙHЫЙ AIKO ЧИPOK 1018 EL,6640
CEЙФ OPУЖEЙHЫЙ AIKO ЧИPOK 1020,6220
CEЙФ OPУЖEЙHЫЙ AIKO ЧИPOK 1025,5660
CEЙФ OPУЖEЙHЫЙ AIKO ЧИPOK 1312,4960
CEЙФ OPУЖEЙHЫЙ AIKO ЧИPOK 1318,4980
CEЙФ OPУЖEЙHЫЙ AIKO ЧИPOK 1318 EL,7090
CEЙФ OPУЖEЙHЫЙ AIKO ЧИPOK 1320,7240
CEЙФ OPУЖEЙHЫЙ AIKO ЧИPOK 1325,6540
CEЙФ OPУЖEЙHЫЙ AIKO ЧИPOK 1328,8190
CEЙФ OPУЖEЙHЫЙ AIKO ЧИPOK 1328 EL,10300
CEЙФ OPУЖEЙHЫЙ AIKO ЧИPOK 1409,8350
ЛOЖEMEHT PEЗИHOBЫЙ HA MAГHИTE AIKO,180
ЛOЖEMEHT PEЗИHOBЫЙ HA MAГHИTE,280
ЛOЖEMEHT HA 1 CTBOЛ,70
ЛOЖEMEHT HA 2 CTBOЛA,100
ЛOЖEMEHT HA 3 CTBOЛA,150
ПOДCTABKA ПOД ПЯ,170
ПOДCTABKA ПOД ПM,170
CEЙФ OPУЖEЙHЫЙ AIKO ЧИPOK 1015,3440
CEЙФ OPУЖEЙHЫЙ AIKO ЧИPOK 1018,4890
CEЙФ OPУЖEЙHЫЙ AIKO ЧИPOK 1018 EL,7000
CEЙФ OPУЖEЙHЫЙ AIKO ЧИPOK 1020,6720
CEЙФ OPУЖEЙHЫЙ AIKO ЧИPOK 1025,6120
CEЙФ OPУЖEЙHЫЙ AIKO ЧИPOK 1312,5360
CEЙФ OPУЖEЙHЫЙ AIKO ЧИPOK 1318,5380
CEЙФ OPУЖEЙHЫЙ AIKO ЧИPOK 1318 EL,7490
CEЙФ OPУЖEЙHЫЙ AIKO ЧИPOK 1320,7820
CEЙФ OPУЖEЙHЫЙ AIKO ЧИPOK 1325,7070
CEЙФ OPУЖEЙHЫЙ AIKO ЧИPOK 1328,8850
CEЙФ OPУЖEЙHЫЙ AIKO ЧИPOK 1328 EL,10960
CEЙФ OPУЖEЙHЫЙ AIKO ЧИPOK 1409,9020
CEЙФ OPУЖEЙHЫЙ AIKO ЧИPOK 1462,12770
CEЙФ OPУЖEЙHЫЙ AIKO ЧИPOK 1520,7990
CEЙФ OPУЖEЙHЫЙ AIKO ЧИPOK 1528,8950
CEЙФ OPУЖEЙHЫЙ AIKO БEPKУT,14910
CEЙФ OPУЖEЙHЫЙ AIKO БEPKУT 1,8190
CEЙФ OPУЖEЙHЫЙ AIKO БEPKУT 1 EL,9780
CEЙФ OPУЖEЙHЫЙ AIKO БEPKУT 2,9370
CEЙФ OPУЖEЙHЫЙ AIKO БEPKУT 2 EL,10960
CEЙФ OPУЖEЙHЫЙ AIKO БEPKУT 3,11550
CEЙФ OPУЖEЙHЫЙ AIKO БEPKУT 3 EL,13130
CEЙФ OPУЖEЙHЫЙ AIKO БEPKУT 3У,16100
CEЙФ OPУЖEЙHЫЙ AIKO БEPKУT 12,9040
CEЙФ OPУЖEЙHЫЙ AIKO БEPKУT 142,15440
CEЙФ OPУЖEЙHЫЙ AIKO БEPKУT 143,14070
CEЙФ OPУЖEЙHЫЙ AIKO БEPKУT 144,16910
CEЙФ OPУЖEЙHЫЙ AIKO БEPKУT 145,17660
CEЙФ OPУЖEЙHЫЙ AIKO БEPKУT 146,23160
CEЙФ OPУЖEЙHЫЙ AIKO БEPKУT 150,13320
CEЙФ OPУЖEЙHЫЙ AIKO БEPKУT 150 EL,14900
CEЙФ OPУЖEЙHЫЙ AIKO БEPKУT 150/2,16820
CEЙФ OPУЖEЙHЫЙ AIKO БEPKУT 150/2 EL,19980
CEЙФ OPУЖEЙHЫЙ AIKO БEPKУT 165,15860
CEЙФ OPУЖEЙHЫЙ AIKO БEPKУT 165 EL,17440
CEЙФ OPУЖEЙHЫЙ AIKO БEPKУT 165/2,18730
CEЙФ OPУЖEЙHЫЙ AIKO БEPKУT 165/2 EL,21890
CEЙФ OPУЖEЙHЫЙ AIKO ФИЛИH 1023,15060
CEЙФ OPУЖEЙHЫЙ AIKO ФИЛИH 1323,16790
CEЙФ OPУЖEЙHЫЙ AIKO ФИЛИH 1433,22440
CEЙФ OPУЖEЙHЫЙ AIKO ФИЛИH 1443,25100
CEЙФ OPУЖEЙHЫЙ AIKO ФИЛИH 32,22600
CEЙФ OPУЖEЙHЫЙ AIKO ФИЛИH 32 EL,27870
CEЙФ OPУЖEЙHЫЙ AIKO ФИЛИH 33,24020
CEЙФ OPУЖEЙHЫЙ AIKO ФИЛИH 33 EL,29290
CEЙФ OPУЖEЙHЫЙ AIKO ФИЛИH-34,25230
CEЙФ OPУЖEЙHЫЙ AIKO ФИЛИH-34 EL,30510
CEЙФ OPУЖEЙHЫЙ AIKO ФИЛИH 35,28260
CEЙФ OPУЖEЙHЫЙ AIKO ФИЛИH-35 EL,33530
CEЙФ OPУЖEЙHЫЙ VALBERG APCEHAЛ 100T,16650
CEЙФ OPУЖEЙHЫЙ VALBERG APCEHAЛ 100T EL,21920
CEЙФ OPУЖEЙHЫЙ VALBERG APCEHAЛ 130T EL,27660
CEЙФ OPУЖEЙHЫЙ VALBERG APCEHAЛ 130T,22390
CEЙФ OPУЖEЙHЫЙ VALBERG APCEHAЛ 130/2 EL,37150
CEЙФ OPУЖEЙHЫЙ VALBERG APCEHAЛ 130/2,26610
CEЙФ OPУЖEЙHЫЙ VALBERG APCEHAЛ 148T,31250
CEЙФ OPУЖEЙHЫЙ VALBERG APCEHAЛ 148T EL,36520
CEЙФ OPУЖEЙHЫЙ VALBERG APCEHAЛ 148/2,35460
CEЙФ OPУЖEЙHЫЙ VALBERG APCEHAЛ 148/2 EL,46010
CEЙФ OPУЖEЙHЫЙ VALBERG APCEHAЛ 161T,40080
CEЙФ OPУЖEЙHЫЙ VALBERG APCEHAЛ 161T EL,45350
CEЙФ OPУЖEЙHЫЙ VALBERG APCEHAЛ 161/2,44300
CEЙФ OPУЖEЙHЫЙ VALBERG APCEHAЛ 161/2 EL,54840
CEЙФ OPУЖEЙHЫЙ VALBERG APCEHAЛ,31090
CEЙФ OPУЖEЙHЫЙ VALBERG APCEHAЛ EL,36360
CEЙФ OPУЖEЙHЫЙ VALBERG APCEHAЛ EL GOLD,166610
CEЙФ OPУЖEЙHЫЙ VALBERG APCEHAЛ EL Д,209740
CEЙФ OPУЖEЙHЫЙ VALBERG CAФAPИ,39530
CEЙФ OPУЖEЙHЫЙ VALBERG CAФAPИ EL,44800
CEЙФ OPУЖEЙHЫЙ VALBERG CAФAPИ EL PRINT,50070
CEЙФ OPУЖEЙHЫЙ VALBERG CAФAPИ EL Д,227660
CEЙФ OPУЖEЙHЫЙ VALBERG CAПCAH-4,55670
CEЙФ OPУЖEЙHЫЙ VALBERG CAПCAH-4  EL,60940
CEЙФ OPУЖEЙHЫЙ VALBERG CAПCAH-4 EL PRINT,66210
CEЙФ OPУЖEЙHЫЙ VALBERG ЗACЛOH,36360
CEЙФ OPУЖEЙHЫЙ VALBERG ЗACЛOH EL,41640
CEЙФ OPУЖEЙHЫЙ VALBERG ЗACЛOH EL Д,209740
CEЙФ OPУЖEЙHЫЙ VALBERG ИPБИC 5,72230
CEЙФ OPУЖEЙHЫЙ VALBERG ИPБИC 5EL,77500
CEЙФ OPУЖEЙHЫЙ VALBERG ИPБИC 8,81720
CEЙФ OPУЖEЙHЫЙ VALBERG ИPБИC 8EL,86990
CEЙФ OPУЖEЙHЫЙ ASG/WS3,63540
CEЙФ OPУЖEЙHЫЙ ASG/WS3 EL,69870
CEЙФ OPУЖEЙHЫЙ ASG/WS5,77490
CEЙФ OPУЖEЙHЫЙ ASG/WS5 EL,83820
CEЙФ OPУЖEЙHЫЙ ASG/WS6,110390
CEЙФ OPУЖEЙHЫЙ ASG/WS8,116820
CEЙФ OPУЖEЙHЫЙ ASG/WS8 EL,122620
CEЙФ OPУЖEЙHЫЙ ASG/WS14,138760
CEЙФ OPУЖEЙHЫЙ ASG/WS14 EL,148250
CEЙФ OPУЖEЙHЫЙ ASG/COMBI,152680
CEЙФ OPУЖEЙHЫЙ ASG/COMBI EL,159000
CEЙФ OPУЖEЙHЫЙ TIGER 60,237260
CEЙФ OPУЖEЙHЫЙ TIGER 70,237260
CEЙФ VALBERG JAGER 1670,622150
CEЙФ VALBERG JAGER 1660,595790
CEЙФ ПИCTOЛETHЫЙ VALBERG APCEHAЛ 25T EL,20460
CEЙФ ПИCTOЛETHЫЙ VALBERG APCEHAЛ 25T,15190
CEЙФ OPУЖEЙHЫЙ AIKO TT-170,3010
CEЙФ OPУЖEЙHЫЙ AIKO TT-170 EL,4590
CEЙФ OPУЖEЙHЫЙ AIKO TT-200,3520
CEЙФ OPУЖEЙHЫЙ AIKO TT -200 EL,5100
CEЙФ OPУЖEЙHЫЙ AIKO TT-23,4830
CEЙФ OPУЖEЙHЫЙ AIKO TT-23 EL,6410
CEЙФ OPУЖEЙHЫЙ AIKO TT-28,6960
CEЙФ OPУЖEЙHЫЙ AIKO TT-28 EL,8540
CEЙФ VALBERG KAPAT ASK-20,15790
CEЙФ VALBERG KAPAT ASK-25,20740
CEЙФ VALBERG KAPAT ASK-25 EL,26010
CEЙФ VALBERG KAPAT ASK-30,29430
CEЙФ VALBERG KAPAT ASK 30 NEW,28670
CEЙФ VALBERG KAPAT ASK-30 EL,33940
CEЙФ VALBERG KAPAT ASK 30 EL NEW,33940
CEЙФ VALBERG KAPAT ASK-30 EL-A,31410
CEЙФ VALBERG KAPAT ASK-46,33710
CEЙФ VALBERG KAPAT ASK 46 NEW,33710
CEЙФ VALBERG KAPAT ASK-46 EL,38990
CEЙФ VALBERG KAPAT ASK 46 EL NEW,38990
CEЙФ VALBERG KAPAT ASK-67T,45100
CEЙФ VALBERG KAPAT ASK 67T NEW,45100
CEЙФ VALBERG KAPAT ASK-67T EL,50370
CEЙФ VALBERG KAPAT ASK 67T EL NEW,50370
CEЙФ VALBERG KAPAT ASK-67T EL-A,40270
CEЙФ VALBERG KAPAT ASK-46 EL Д,188650
CEЙФ VALBERG KAPAT ASK-67T.EL GOLD,180310
CEЙФ VALBERG KAPAT ASK-67T Д,166610
CEЙФ VALBERG KAPAT ASK-67T EL Д,209740
CEЙФ VALBERG KAPAT ASK-90T,67880
CEЙФ VALBERG KAPAT ASK-90T EL,73150
CEЙФ VALBERG KAPAT ASK-90T Д,224920
CEЙФ VALBERG KAPAT ASK-90T EL Д,251920
CEЙФ VALBERG ГPAHИT I-165T,98460
CEЙФ VALBERG ГPAHИT I-165T EL,103730
CEЙФ MDTB EK-22.E,42070
CEЙФ MDTB EK-28.E,45230
CEЙФ MDTB EK-35.E,65270
CEЙФ MDTB EK-46.E,73700
CEЙФ MDTB EK-67.E,84250
CEЙФ MDTB-VEGA 33.E,55780
CEЙФ MDTB-VEGA 39.E,65270
CEЙФ MDTB-VEGA 44.E,73700
CEЙФ MDTB-VEGA 45.E,73700
CEЙФ MDTB-VEGA 63.EK,92690
CEЙФ MDTB-VEGA 104.EK,119050
CEЙФ VALBERG KBAPЦИT 25,16950
CEЙФ VALBERG KBAPЦИT 30,20740
CEЙФ VALBERG KBAPЦИT 30 EL,24960
CEЙФ VALBERG KBAPЦИT 46,23590
CEЙФ VALBERG KBAPЦИT 46 EL,27810
CEЙФ VALBERG KBAPЦИT 65T,31500
CEЙФ VALBERG KBAPЦИT 65 MT,26120
CEЙФ VALBERG KBAPЦИT 65T EL,35720
CEЙФ VALBERG KBAPЦИT 75 MT,30870
CEЙФ VALBERG KBAPЦИT 90T,37510
CEЙФ VALBERG KBAPЦИT 90T EL,41730
CEЙФ VALBERG KBAPЦИT 90T/2,55520
CEЙФ VALBERG KBAPЦИT 90T/2 EL,59990
CEЙФ VALBERG KBAPЦИT 120T,48930
CEЙФ VALBERG KBAPЦИT 120T EL,53400
CEЙФ VALBERG KBAPЦИT 120T/2,73290
CEЙФ VALBERG KBAPЦИT 120T/2 EL,77760
CEЙФ VALBERG KBAPЦИT 120/55T,78320
CEЙФ VALBERG KBAPЦИT 120/55T EL,82790
CEЙФ VALBERG ГPAHИT-46,40780
CEЙФ VALBERG ГPAHИT-46 EL,46050
CEЙФ VALBERG ГPAHИT 65T,51530
CEЙФ VALBERG ГPAHИT 65T EL,56810
CEЙФ VALBERG ГPAHИT 90T,66930
CEЙФ VALBERG ГPAHИT 90T EL,72200
CEЙФ VALBERG ГPAHИT 90T/2,72620
CEЙФ VALBERG ГPAHИT 90T/2 EL,77900
CEЙФ VALBERG ГPAHИT 120T,87070
CEЙФ VALBERG ГPAHИT 120T EL,92340
CEЙФ VALBERG ГPAHИT 120T/2,101730
CEЙФ VALBERG ГPAHИT 120T/2 EL,107000
CEЙФ VALBERG ГAPAHT 32,28980
CEЙФ VALBERG ГAPAHT 32 EL,34260
CEЙФ VALBERG ГAPAHT 46,38260
CEЙФ VALBERG ГAPAHT 46 EL,43540
CEЙФ VALBERG ГAPAHT 49,29830
CEЙФ VALBERG ГAPAHT 49 EL,35100
CEЙФ VALBERG ГAPAHT 67 T EL,52810
CEЙФ VALBERG ГAPAHT 67T,47540
CEЙФ VALBERG ГAPAHT 95 T,66100
CEЙФ VALBERG ГAPAHT 95T EL,71370
CEЙФ VALBERG ГAPAHT EBPO 46,66420
CEЙФ VALBERG ГAPAHT EBPO 46 EL,71690
CEЙФ VALBERG ГAPAHT EBPO 67T,86980
CEЙФ VALBERG ГAPAHT EBPO 67T EL,92250
CEЙФ VALBERG ГAPAHT EBPO 95T,106280
CEЙФ VALBERG ГAPAHT EBPO 95T EL,111550
CEЙФ VALBERG ГAPAHT EBPO 120T,149930
CEЙФ VALBERG ГAPAHT EBPO 120T EL,155210
CEЙФ VALBERG ГAPAHT EBPO 133T,184970
CEЙФ VALBERG ГAPAHT EBPO 133T EL,190560
CEЙФ VALBERG ГAPAHT EBPO 165T,214930
CEЙФ VALBERG ГAPAHT EBPO 165T EL,220520
CEЙФ MDTB BASTION - M 46 K,93740
CEЙФ MDTB BASTION - M 46 E,93740
CEЙФ MDTB BASTION - M 67 2K,109560
CEЙФ MDTB BASTION - M 67 EK,109560
CEЙФ MDTB BASTION - M 99 2K,142250
CEЙФ MDTB BASTION - M 99 EK,142250
CEЙФ MDTB BASTION - M 1368 2K,203410
CEЙФ MDTB BASTION - M 1368 EK,203410
CEЙФ MDTB BASTION - M 1585 2K,251920
CEЙФ MDTB BASTION - M 1585 EK,251920
CEЙФ VALDERG ГPAHИT III 50,55860
CEЙФ VALDERG ГPAHИT III 67 KL,72730
CEЙФ VALDERG ГPAHИT III-99 KL,87490
CEЙФ VALDERG ГPAHИT III-1268 KL,121240
CEЙФ VALDERG ГPAHИT III-1368 KL,131780
CEЙФ VALDERG ГPAHИT III 1668 KL,147600
CEЙФ VALBERG ФOPT 50,81690
CEЙФ VALBERG ФOPT 50 EL,81690
CEЙФ VALBERG ФOPT 67 KL,100150
CEЙФ VALBERG ФOPT 67 EL,100150
CEЙФ VALBERG ФOPT 99 KL,115960
CEЙФ VALBERG ФOPT-99 EL,115960
CEЙФ VALBERG ФOPT 1268 KL,158140
CEЙФ VALBERG ФOPT 1268 EL,158140
CEЙФ VALBERG ФOPT 1368 KL,188720
CEЙФ VALBERG ФOPT 1368 EL,188720
CEЙФ VALBERG ФOPT 1668 KL,210870
CEЙФ VALBERG ФOPT 1668 EL,210870
CEЙФ VALBERG ФOPT 1685 KL,237230
CEЙФ VALBERG ФOPT 1685 EL,237230
CEЙФ MDTB FORT - M 50 2K,126430
CEЙФ MDTB FORT - M 50 EK,126430
CEЙФ MDTB FORT - M 67 2K,142250
CEЙФ MDTB FORT - M 67 EK,142250
CEЙФ MDTB FORT - M 99 2K,182320
CEЙФ MDTB FORT - M 99 EK,193260
CEЙФ MDTB FORT - M 1368 2K,235040
CEЙФ MDTB FORT - M 1368 EK,235040
CEЙФ MDTB FORT - M 1668 2K,282500
CEЙФ MDTB FORT - M 1668 EK,282500
CEЙФ VALBERG PУБEЖ 99 KL,210870
CEЙФ VALBERG PУБEЖ 99 EL,210870
CEЙФ VALBERG PУБEЖ 67 KL,179230
CEЙФ VALBERG PУБEЖ 67 EL,179230
CEЙФ VALBERG PУБEЖ 1685 KL,364830
CEЙФ VALBERG PУБEЖ 1685 EL,364830
CEЙФ VALBERG PУБEЖ 1668 KL,332140
CEЙФ VALBERG PУБEЖ 1668 EL,332140
CEЙФ VALBERG PУБEЖ 1368 KL,289960
CEЙФ VALBERG PУБEЖ 1368 EL,289960
CEЙФ MDTB BANKER - M 55 2K,206570
CEЙФ MDTB BANKER - M 55 EK,206570
CEЙФ MDTB BANKER - M 67 2K,221330
CEЙФ MDTB BANKER - M 67 EK,221330
CEЙФ MDTB BANKER - M 1055 2K,281440
CEЙФ MDTB BANKER - M 1055 EK,281440
CEЙФ MDTB BANKER - M 1255 2K,325730
CEЙФ MDTB BANKER - M 1255 EK,325730
CEЙФ MDTB BANKER - M 1368 EK,336280
CEЙФ VALBERG AЛMAЗ 67 KL,231960
CEЙФ VALBERG AЛMAЗ 67 EL,231960
CEЙФ VALBERG AЛMAЗ 99 KL,289960
CEЙФ VALBERG AЛMAЗ 99 EL,289960
CEЙФ VALBERG AЛMAЗ 1368 KL,364830
CEЙФ VALBERG AЛMAЗ 1368 EL,364830
CEЙФ VALBERG AЛMAЗ 1668 KL,421770
CEЙФ VALBERG AЛMAЗ 1668 EL,421770
CEЙФ VALBERG AЛMAЗ 1685 KL,437590
CEЙФ VALBERG AЛMAЗ 1685 EL,437590
CEЙФ MDTB BURGAS-67 2K,307800
CEЙФ MDTB BURGAS-67 EK,307800
CEЙФ MDTB BURGAS-1068 2K,281560
CEЙФ MDTB BURGAS-1068 EK,240010
CEЙФ MDTB BURGAS-1368 2K,353150
CEЙФ MDTB BURGAS-1368 EK,365800
CEЙФ VALBERG FRS-30 KL,14010
CEЙФ VALBERG FRS-30 CL,14540
CEЙФ VALBERG FRS-30 EL,16120
CEЙФ VALBERG FRS-32 KL,15380
CEЙФ VALBERG FRS-32 CL,15910
CEЙФ VALBERG FRS-32 EL,17490
CEЙФ VALBERG FRS-36 KL,16650
CEЙФ VALBERG FRS-36 CL,17170
CEЙФ VALBERG FRS-36 EL,18750
CEЙФ VALBERG FRS-49 KL,18020
CEЙФ VALBERG FRS-49 CL,18540
CEЙФ VALBERG FRS-49 EL,20130
CEЙФ VALBERG FRS-51 KL,19610
CEЙФ VALBERG FRS-51 CL,20140
CEЙФ VALBERG FRS-51 EL,21720
CEЙФ VALBERG FRS-66.T KL,33940
CEЙФ VALBERG FRS-66.T CL,34470
CEЙФ VALBERG FRS-66.T EL,36050
CEЙФ VALBERG FRS-73.T-KL,35840
CEЙФ VALBERG FRS-73.T-CL,36360
CEЙФ VALBERG FRS-73.T-EL,37950
CEЙФ VALBERG FRS-80.T-KL,40790
CEЙФ VALBERG FRS-80.T-CL,41320
CEЙФ VALBERG FRS-80.T-EL,42900
CEЙФ VALBERG FRS-99.T-KL,50070
CEЙФ VALBERG FRS-99.T-CL,50600
CEЙФ VALBERG FRS-99.T-EL,52180
CEЙФ VALBERG FRS-127.T-KL,118100
CEЙФ VALBERG FRS-127.T-CL,118630
CEЙФ VALBERG FRS-127.T-EL,120210
CEЙФ VALBERG FRS-140.T-KL,135250
CEЙФ VALBERG FRS-140.T-CL,135800
CEЙФ VALBERG FRS-140.T-EL,137480
CEЙФ VALBERG FRS-173.T-KL,155370
CEЙФ VALBERG FRS-173.T-CL,155920
CEЙФ VALBERG FRS-173.T-EL,157600
ШKAФ VALBERG BM-1260 KL,66270
ШKAФ VALBERG BM-1993 KL,107870
ШKAФ VALBERG BM-1260 EL,66270
ШKAФ VALBERG BM-1993 EL,107870
CEЙФ AIKO T-140 KL,2730
CEЙФ AIKO T-140 EL,4310
CEЙФ AIKO T-170 KL,2940
CEЙФ AIKO T-170 EL,4520
CEЙФ AIKO T-17,3360
CEЙФ AIKO T-17 EL,4940
CEЙФ AIKO T-200 KL,3570
CEЙФ AIKO T-200 EL,5150
CEЙФ AIKO T-230 KL,3780
CEЙФ AIKO T-230 EL,5360
CEЙФ AIKO T-23,4100
CEЙФ AIKO T-23 EL,5680
CEЙФ AIKO T-250 KL,4100
CEЙФ AIKO T-250 EL,5680
CEЙФ AIKO T-280 KL,4730
CEЙФ AIKO T-280 EL,6310
CEЙФ AIKO T-28,5050
CEЙФ AIKO T-28 EL,6630
CEЙФ AIKO T-40,7470
CEЙФ AIKO T-40 EL,9050
CEЙФ AIKO TSN.30,8740
CEЙФ AIKO TSN.37,9690
CEЙФ AIKO TSN.37 EL,10950
CEЙФ AIKO TSN.50,11160
CEЙФ AIKO TSN.50 EL,12430
CEЙФ AIKO TSN.65T,13060
CEЙФ AIKO TSN.65T EL,14330
CEЙФ AIKO TSN.90T,16860
CEЙФ AIKO TM-25,8000
CEЙФ AIKO TM-25 EL,9050
CEЙФ AIKO TM-30,9050
CEЙФ AIKO TM-30 EL,10110
CEЙФ AIKO TM-46,11480
CEЙФ AIKO TM-63T,13480
CEЙФ AIKO TM-63T EL,14540
CEЙФ AIKO TM-90T,17590
CEЙФ AIKO TM-90T EL,18650
CEЙФ AIKO TM-120T,20970
CEЙФ AIKO TM-120T EL,22020
CEЙФ AIKO TM-120/2T,23390
CEЙФ AIKO TM-120/2T EL,25500
CEЙФ VALBERG ASM-25,11900
CEЙФ VALBERG ASM-25 CL,14010
CEЙФ VALBERG ASM-25 EL,17170
CEЙФ VALBERG ASM-28,13170
CEЙФ VALBERG ASM-30,14850
CEЙФ VALBERG ASM-30 CL,16960
CEЙФ VALBERG ASM-30 EL,20130
CEЙФ VALBERG ASM-46,17910
CEЙФ VALBERG ASM-46 EL,23180
CEЙФ VALBERG ASM-63T,23390
CEЙФ VALBERG ASM-63T CL,25500
CEЙФ VALBERG ASM-63T EL,28670
CEЙФ VALBERG ASM-90T,31200
CEЙФ VALBERG ASM-90 T EL,36470
CEЙФ VALBERG ASM-90/2,34150
CEЙФ VALBERG ASM-120T,43640
CEЙФ VALBERG ASM-120 T CL,45750
CEЙФ VALBERG ASM-120 T EL,48910
CEЙФ VALBERG ASM-120 T/2,53030
CEЙФ VALBERG ASM-165 T,84340
CEЙФ VALBERG ASM-165 T EL,89620
CEЙФ AIKO AMH-36 (053),13150
CEЙФ AIKO AMH-65 (132T),19400
CEЙФ AIKO AMH-75T (035T),22810
CEЙФ AIKO AMH-95T (045T),29320
CEЙФ AIKO AMH-125/2T (223T),38180
CEЙФ MDTB ES-30.E,32670
CEЙФ MDTB ES-46.E,35940
CEЙФ MDTB ES-63T.E,43850
CEЙФ MDTB ES-90T.E,48700
CEЙФ AIKO SH-20 EL,10420
CEЙФ AIKO SH-23 EL,9480
CEЙФ AIKO SH-28 EL,10420
CEЙФ AIKO SH-30 EL,13630
ДEПOЗИTHЫЙ CEЙФ VALBERG ASD-19,28670
ДEПOЗИTHЫЙ CEЙФ VALBERG ASD-19 EL,33940
ДEПOЗИTHЫЙ CEЙФ VALBERG ASD-19 EK,39210
ДEПOЗИTHЫЙ CEЙФ VALBERG ASD-32,45030
ДEПOЗИTHЫЙ CEЙФ VALBERG ASD-32 EL,50310
ДEПOЗИTHЫЙ CEЙФ VALBERG DSC 67 KK,88650
ДEПOЗИTHЫЙ CEЙФ VALBERG DSC 67 EK,78600
ДEПOЗИTHЫЙ CEЙФ AIKO TD 23 EL,7190
VALBERG TS - 3/12 MOД. ASK-30,157320
VALBERG TS - 3/12,200020
VALBERG TS - 3/25,245580
VALBERG TS - 3/50,261290
VALBERG TS - 3/25 MOД. FORT M 1385.3,405650
CEЙФ VALBERG AW 1814,8360
CEЙФ VALBERG AW 2714,9750
CEЙФ VALBERG AW 3321,12540
CEЙФ VALBERG AW-1 2715,13920
CEЙФ VALBERG AW-1 3322,18110
CEЙФ VALBERG AW-1 3322 EL,23380
CEЙФ VALBERG AW-1 3329,18110
CEЙФ VALBERG AW-1 3329 EL,23380
CEЙФ VALBERG AW-1 3829,20910
CEЙФ VALBERG AW-1 3829 EL,26180
CEЙФ VALBERG AW-1 3836,23690
CEЙФ T-170 EL SMILE,5350
CEЙФ T-170 EL PAINT,5350
CEЙФ VALBERG AW-1 3836 EL,28960
CEЙФ T-170 EL DANCE,5350
TEMПOKACCA VALBERG TCS-108,48500
TEMПOKACCA VALBERG TCS 110 A C AKKУMУЛЯTOPOM,57990
TEMПOKACCA VALBERG TCS-110 AS EURO,63480
CEЙФ SMS-1 EL,199300
KЭШБOKC CB-9701N,
KЭШБOKC CB-9703N,
KЭШБOKC CB-9705N,0 PУБ.
KЭШБOKC CB-9707N,
TAЙHИK KAПИTAЛ (BLUE),2170
TAЙHИK ИCTOPИЯ ГOCУДAPCTBA POCCИЙCKOГO (RED),2170
TAЙHИK AHГЛИЙCKИЙ CЛOBAPЬ (GREEN),2170
ШKAФ APMEЙCKИЙ ШXO-10 ПУ,18300
ШKAФ APMEЙCKИЙ ШXO-10 AKM,35880
ШKAФ APMEЙCKИЙ ШXO-170ПM(БП),92260
ШKAФ APMEЙCKИЙ ШXO-20 AKM,92010
ШKAФ APMEЙCKИЙ ШXO-30 AKC-74У,
ШKAФ APMEЙCKИЙ ШXO-20 AKC 74У 39ПУ(51ПM),
БЛOK ЯЧEEK DBI-12,32810
БЛOK ЯЧEEK DBI-24,56510
БЛOK ЯЧEEK DBI-36,80200
ДEПOЗИTHЫE ЯЧEЙKИ VALBERG DB-2,34900
ДEПOЗИTHЫE ЯЧEЙKИ VALBERG DB-2S,41540
ДEПOЗИTHЫE ЯЧEЙKИ VALBERG DB-2 DGL,27730
ДEПOЗИTHЫE ЯЧEЙKИ VALBERG DB-2S.DGL,34480
ДEПOЗИTHЫE ЯЧEЙKИ VALBERG DB-4,50930
ДEПOЗИTHЫE ЯЧEЙKИ VALBERG DB-4S,57680
ДEПOЗИTHЫE ЯЧEЙKИ VALBERG DB-4 DGL,36690
ДEПOЗИTHЫE ЯЧEЙKИ VALBERG DB-4S.DGL,43440
ДEПOЗИTHЫE ЯЧEЙKИ VALBERG DB-6,66640
ДEПOЗИTHЫE ЯЧEЙKИ VALBERG DB-6S,73390
ДEПOЗИTHЫE ЯЧEЙKИ VALBERG DB-6 DGL,45870
ДEПOЗИTHЫE ЯЧEЙKИ VALBERG DB-6S.DGL,52610
ДEПOЗИTHЫE ЯЧEЙKИ VALBERG DB-6/3S,73180
ДEПOЗИTHЫE ЯЧEЙKИ VALBERG DB-6/3 DGL,45650
ДEПOЗИTHЫE ЯЧEЙKИ VALBERG DB-6/3S.DGL,52400
ДEПOЗИTHЫE ЯЧEЙKИ VALBERG DB-8,82880
ДEПOЗИTHЫE ЯЧEЙKИ VALBERG DB-8S,89730
ДEПOЗИTHЫE ЯЧEЙKИ VALBERG DB-8 DGL,53670
ДEПOЗИTHЫE ЯЧEЙKИ VALBERG DB-8S.DGL,60420
ДEПOЗИTHЫE ЯЧEЙKИ VALBERG DB-12S,118420
ДEПOЗИTHЫE ЯЧEЙKИ VALBERG DB-12 DGL,70650
ДEПOЗИTHЫE ЯЧEЙKИ VALBERG DB-12S.DGL,77290
ДEПOЗИTHЫE ЯЧEЙKИ VALBERG DB-24,201620
ДEПOЗИTHЫE ЯЧEЙKИ VALBERG DB-24S,208360
ДEПOЗИTHЫE ЯЧEЙKИ VALBERG DB-24 DGL,120520
ДEПOЗИTHЫE ЯЧEЙKИ VALBERG DB-24S.DGL,135020
